,datetime,temp,humidity,dewPoint,appTemp,precipitation,pressure,surfacePressure,cloudCover,windSpeed10m,windSpeed100m,windDir10m,windDir100m,windGusts10m,prod
0,2023-01-01 00:00:00,-3.3,83,-5.8,-7.6,0.0,1033.1,839.8,0,10.3,21.4,29,27,24.8,10.448808884495717
1,2023-01-01 01:00:00,-3.4,82,-6.0,-7.8,0.0,1033.1,839.8,0,10.7,21.6,33,28,25.2,9.569907646106154
2,2023-01-01 02:00:00,-3.5,81,-6.3,-8.0,0.0,1032.6,839.3,0,10.8,21.4,37,33,25.2,8.527835768581435
3,2023-01-01 03:00:00,-4.2,81,-6.9,-8.8,0.0,1032.7,838.9,9,11.6,23.3,36,35,25.2,8.991285370545093
4,2023-01-01 04:00:00,-4.2,81,-7.0,-9.0,0.0,1032.5,838.8,17,12.6,23.7,37,36,28.4,8.971471500522156
5,2023-01-01 05:00:00,-4.4,82,-7.0,-9.2,0.0,1032.1,838.3,25,12.5,24.1,33,35,28.8,9.764635956893843
6,2023-01-01 06:00:00,-4.5,83,-7.0,-9.3,0.0,1031.9,838.1,27,12.6,23.9,31,31,28.4,10.883263156751104
7,2023-01-01 07:00:00,-4.7,84,-6.9,-9.5,0.0,1032.2,838.2,30,12.5,23.3,33,32,28.1,10.570930895615843
8,2023-01-01 08:00:00,-4.9,85,-7.0,-9.7,0.0,1032.4,838.2,30,12.5,22.6,39,37,28.1,10.304801391462224
9,2023-01-01 09:00:00,-3.5,77,-6.9,-8.7,0.0,1032.6,839.3,17,14.8,21.7,39,40,30.2,9.705838715729165
10,2023-01-01 10:00:00,-0.8,65,-6.7,-5.6,0.0,1032.5,840.9,2,12.7,19.6,43,46,30.2,9.433418541782633
11,2023-01-01 11:00:00,1.7,53,-6.9,-2.8,0.0,1032.6,842.5,1,10.4,14.5,34,42,27.4,7.996131099941629
12,2023-01-01 12:00:00,2.9,48,-7.0,-1.6,0.0,1032.2,842.9,2,10.1,12.8,17,22,24.1,6.979322626538974
13,2023-01-01 13:00:00,3.0,51,-6.2,-1.5,0.0,1031.3,842.3,6,11.3,14.0,17,18,26.6,6.377013538906072
14,2023-01-01 14:00:00,3.2,51,-6.0,-1.2,0.0,1030.7,841.9,13,10.6,13.0,24,24,26.6,5.473607715967657
15,2023-01-01 15:00:00,1.6,59,-5.7,-3.4,0.0,1031.9,841.9,15,14.5,18.8,27,29,27.4,5.949089034515788
16,2023-01-01 16:00:00,0.7,64,-5.4,-4.2,0.0,1032.2,841.6,7,13.9,18.8,31,32,32.4,6.329254762765834
17,2023-01-01 17:00:00,-1.3,70,-6.0,-6.2,0.0,1032.4,840.5,2,14.0,22.7,35,33,31.3,6.323376864565792
18,2023-01-01 18:00:00,-4.1,86,-6.1,-9.1,0.0,1032.3,838.6,1,14.2,26.0,36,34,31.3,6.816551605895596
19,2023-01-01 19:00:00,-4.7,86,-6.7,-9.8,0.0,1032.9,838.8,1,15.2,25.8,36,33,33.5,7.7268876296380045
20,2023-01-01 20:00:00,-4.5,83,-7.0,-9.6,0.0,1034.0,839.8,1,14.1,24.9,38,37,33.5,7.63572917674645
21,2023-01-01 21:00:00,-4.6,80,-7.4,-9.3,0.0,1033.2,839.1,1,11.5,19.9,44,42,31.7,7.165867167234272
22,2023-01-01 22:00:00,-4.3,73,-8.4,-8.6,0.0,1031.5,837.9,0,8.2,12.5,52,57,26.6,6.478894906367657
23,2023-01-01 23:00:00,-4.3,69,-9.1,-8.4,0.0,1031.1,837.5,0,6.4,9.3,43,54,20.5,5.752952478525887
24,2023-01-02 00:00:00,-4.2,65,-9.8,-8.7,0.0,1031.5,838.0,0,9.2,13.8,42,51,21.6,5.434798478734042
25,2023-01-02 01:00:00,-4.8,66,-10.1,-10.0,0.0,1031.8,837.8,0,13.5,18.8,44,45,28.1,5.870897166074048
26,2023-01-02 02:00:00,-5.3,74,-9.3,-10.7,0.0,1032.2,837.8,0,14.8,21.7,45,43,31.0,6.126313263349758
27,2023-01-02 03:00:00,-5.4,80,-8.3,-10.5,0.0,1033.0,838.4,0,13.8,24.5,39,40,31.3,7.136543141999593
28,2023-01-02 04:00:00,-5.2,79,-8.2,-10.3,0.0,1032.3,837.9,0,13.9,22.9,31,33,30.6,7.531690899411592
29,2023-01-02 05:00:00,-5.6,84,-7.9,-10.9,0.0,1032.7,838.0,0,15.4,25.2,33,34,32.8,8.335898460507718
30,2023-01-02 06:00:00,-5.7,81,-8.4,-10.9,0.0,1031.9,837.3,0,14.2,23.8,36,35,32.8,9.176588243204238
31,2023-01-02 07:00:00,-5.7,78,-9.0,-10.8,0.0,1031.4,836.9,0,13.1,21.0,37,39,30.6,8.626588851886337
32,2023-01-02 08:00:00,-5.9,78,-9.2,-11.1,0.0,1031.3,836.7,0,13.8,20.4,39,46,29.9,8.556578754047372
33,2023-01-02 09:00:00,-4.0,62,-10.3,-9.4,0.0,1030.7,837.4,0,14.5,17.2,44,57,29.5,7.949189285390479
34,2023-01-02 10:00:00,0.3,42,-11.2,-4.8,0.0,1030.8,840.2,0,12.3,14.7,38,59,28.8,6.920774640155683
35,2023-01-02 11:00:00,3.2,31,-12.3,-1.7,0.0,1030.9,842.0,0,9.8,12.8,28,52,25.6,6.026106147103251
36,2023-01-02 12:00:00,4.0,32,-11.3,-0.7,0.0,1031.2,842.8,0,9.7,12.0,15,21,23.4,5.492851475374122
37,2023-01-02 13:00:00,3.7,39,-9.1,-1.1,0.0,1031.3,842.7,0,11.6,15.0,26,27,27.4,5.519279522282049
38,2023-01-02 14:00:00,3.7,36,-9.9,-1.3,0.0,1030.7,842.2,0,12.4,16.2,36,37,28.8,5.516626644276797
39,2023-01-02 15:00:00,2.8,48,-7.0,-2.2,0.0,1030.9,841.8,0,13.8,19.0,28,29,29.9,6.189652786776626
40,2023-01-02 16:00:00,1.8,53,-6.9,-3.1,0.0,1030.9,841.2,0,13.7,19.9,30,32,31.3,6.223285099333583
41,2023-01-02 17:00:00,-0.5,61,-7.2,-5.2,0.0,1030.8,839.7,0,12.1,23.3,37,35,30.2,6.083180027981586
42,2023-01-02 18:00:00,-3.2,71,-7.7,-8.1,0.0,1030.2,837.5,0,12.8,25.2,32,31,29.9,6.551967153979005
43,2023-01-02 19:00:00,-3.8,74,-7.8,-8.9,0.0,1031.2,837.9,0,13.6,25.0,32,28,31.3,7.455189758699487
44,2023-01-02 20:00:00,-3.9,73,-8.0,-8.9,0.0,1031.5,838.1,0,13.0,23.4,34,31,30.6,7.48986104507056
45,2023-01-02 21:00:00,-4.0,72,-8.3,-8.9,0.0,1031.0,837.6,0,12.3,21.0,38,35,29.2,7.623442630777893
46,2023-01-02 22:00:00,-4.2,68,-9.2,-8.9,0.0,1030.0,836.7,0,10.7,16.5,45,46,27.4,7.1659071409417185
47,2023-01-02 23:00:00,-4.4,63,-10.4,-8.8,0.0,1029.2,836.0,0,7.9,11.6,51,60,24.5,6.119010006869303
48,2023-01-03 00:00:00,-4.4,54,-12.4,-8.8,0.0,1028.6,835.4,0,6.5,9.4,56,67,19.8,5.055253516057913
49,2023-01-03 01:00:00,-4.0,39,-16.0,-8.5,0.0,1027.8,835.0,0,5.6,7.8,63,77,18.0,4.695560436160815
50,2023-01-03 02:00:00,-3.7,25,-20.7,-8.3,0.0,1027.3,834.9,0,5.5,8.0,67,85,16.2,4.546266528331211
51,2023-01-03 03:00:00,-5.7,38,-17.8,-10.7,0.0,1027.4,833.7,0,9.2,14.8,51,61,16.2,4.408822321702943
52,2023-01-03 04:00:00,-5.1,31,-19.6,-10.2,0.0,1027.1,833.8,0,8.7,12.6,52,70,23.4,3.7113352775135815
53,2023-01-03 05:00:00,-4.7,28,-20.5,-9.8,0.0,1026.9,833.9,0,8.9,11.6,47,64,21.6,2.932256963440291
54,2023-01-03 06:00:00,-4.9,28,-20.5,-10.3,0.0,1027.0,833.8,0,10.7,14.6,48,57,24.5,2.8434841795157784
55,2023-01-03 07:00:00,-5.2,21,-24.0,-10.8,0.0,1027.4,834.0,0,11.6,16.5,54,54,26.3,2.8434841795157784
56,2023-01-03 08:00:00,-5.1,16,-26.8,-10.8,0.0,1027.7,834.3,0,11.9,17.1,61,55,27.0,2.8276166764762225
57,2023-01-03 09:00:00,-2.7,16,-25.1,-8.6,0.0,1028.1,836.1,0,13.5,17.8,65,58,28.1,2.9167147767366384
58,2023-01-03 10:00:00,2.7,14,-22.4,-3.0,0.0,1028.2,839.5,0,12.6,15.6,63,61,28.4,2.7401344417552425
59,2023-01-03 11:00:00,6.0,12,-21.5,1.1,0.0,1027.6,841.0,0,7.6,11.8,65,70,25.2,2.5595913849762773
60,2023-01-03 12:00:00,7.4,10,-22.4,3.2,0.0,1027.0,841.3,0,2.2,3.6,81,84,19.1,2.1907996332737905
61,2023-01-03 13:00:00,7.8,9,-23.6,3.8,0.0,1025.9,840.7,0,1.1,0.8,252,243,12.2,1.9801288990444204
62,2023-01-03 14:00:00,7.8,10,-22.3,3.6,0.0,1025.2,840.1,0,2.2,2.5,270,270,11.5,1.7110376602931627
63,2023-01-03 15:00:00,6.3,22,-14.0,1.7,0.0,1025.9,839.8,0,7.4,9.7,39,42,11.2,1.9896977957634259
64,2023-01-03 16:00:00,5.2,28,-11.8,0.8,0.0,1025.8,839.1,0,6.9,10.5,47,52,19.1,1.9817887835525148
65,2023-01-03 17:00:00,1.3,38,-11.6,-3.0,0.0,1025.1,836.2,0,7.0,14.7,55,59,17.6,2.5828096852838534
66,2023-01-03 18:00:00,-1.7,38,-14.2,-6.4,0.0,1024.5,833.8,0,8.4,14.5,59,60,20.5,2.565441187016982
67,2023-01-03 19:00:00,-2.5,41,-13.9,-7.2,0.0,1024.7,833.5,0,8.2,13.6,61,68,20.9,2.386872954333229
68,2023-01-03 20:00:00,-2.9,44,-13.3,-7.4,0.0,1025.1,833.6,0,7.3,11.4,70,79,20.9,2.3266131582254173
69,2023-01-03 21:00:00,-3.2,42,-14.4,-7.7,0.0,1025.1,833.4,0,6.3,9.8,77,96,19.4,2.3455306517089864
70,2023-01-03 22:00:00,-3.2,33,-17.0,-7.6,0.0,1024.8,833.1,0,5.1,8.9,94,137,17.3,2.6124434773649354
71,2023-01-03 23:00:00,-3.5,25,-20.6,-8.4,0.0,1024.7,832.9,0,7.4,9.0,104,164,14.8,3.17743422301139
72,2023-01-04 00:00:00,-0.5,17,-22.5,-5.4,0.0,1024.8,834.8,0,7.1,8.4,120,187,15.1,3.7228444403910097
73,2023-01-04 01:00:00,2.3,15,-21.7,-2.3,0.0,1024.9,836.6,0,5.1,6.8,129,198,13.0,3.763294577614046
74,2023-01-04 02:00:00,2.1,17,-20.6,-2.0,0.0,1024.4,836.1,0,2.3,4.2,108,211,10.4,3.078722013467335
75,2023-01-04 03:00:00,-4.3,21,-23.4,-9.1,0.0,1023.7,831.5,0,6.0,7.2,73,37,6.5,2.8576849376821665
76,2023-01-04 04:00:00,-3.1,19,-23.3,-7.9,0.0,1023.3,832.0,0,6.3,10.8,66,37,16.9,2.9325589403518126
77,2023-01-04 05:00:00,-3.3,20,-23.0,-8.5,0.0,1022.7,831.3,0,8.7,13.3,66,38,20.9,2.750218970195098
78,2023-01-04 06:00:00,-3.4,20,-23.1,-8.7,0.0,1022.2,830.9,0,9.7,17.0,59,32,23.4,3.041410408878759
79,2023-01-04 07:00:00,-3.0,19,-23.2,-8.5,0.0,1022.3,831.2,0,10.5,20.0,52,38,25.2,3.0906561882347923
80,2023-01-04 08:00:00,-3.2,19,-23.4,-8.7,0.0,1022.5,831.2,0,10.6,20.1,55,44,25.6,2.8761184517547322
81,2023-01-04 09:00:00,-1.4,17,-23.3,-6.9,0.0,1022.8,832.6,0,10.9,18.0,63,53,25.2,2.8697354480394472
82,2023-01-04 10:00:00,3.0,13,-22.7,-2.5,0.0,1023.0,835.5,0,11.3,15.5,59,54,24.5,2.900702572674559
83,2023-01-04 11:00:00,5.6,11,-22.9,0.8,0.0,1023.0,837.0,0,6.6,9.4,41,47,22.7,2.603659525729737
84,2023-01-04 12:00:00,6.3,10,-22.7,1.4,0.0,1022.2,836.8,0,6.9,8.5,9,12,18.4,2.873567743080011
85,2023-01-04 13:00:00,6.5,11,-22.3,1.2,0.0,1021.2,836.1,0,10.1,12.2,360,2,23.4,3.185654413684849
86,2023-01-04 14:00:00,6.1,12,-20.9,0.5,0.0,1020.7,835.4,0,12.3,15.5,5,4,27.7,3.4724012455636086
87,2023-01-04 15:00:00,3.8,31,-11.6,-1.7,0.0,1022.0,835.1,0,14.9,20.3,20,20,29.9,4.481971244382513
88,2023-01-04 16:00:00,2.7,39,-10.1,-2.7,0.0,1022.3,834.7,0,14.8,21.1,26,27,34.2,5.409816806922625
89,2023-01-04 17:00:00,0.4,48,-9.3,-4.6,0.0,1022.1,833.2,0,12.7,25.6,29,29,33.5,6.469431026846079
90,2023-01-04 18:00:00,-2.5,57,-9.8,-7.9,0.0,1022.3,831.5,0,15.0,30.5,24,23,34.9,7.987608131719221
91,2023-01-04 19:00:00,-2.7,57,-10.0,-8.4,0.0,1023.1,832.0,0,16.9,32.6,24,22,38.2,9.083334820832244
92,2023-01-04 20:00:00,-2.7,59,-9.6,-8.5,0.0,1024.0,832.8,0,17.7,33.6,24,21,40.3,9.840987769132605
93,2023-01-04 21:00:00,-3.2,64,-9.1,-8.9,0.0,1024.8,833.1,0,17.6,33.2,26,21,40.3,10.662349679778913
94,2023-01-04 22:00:00,-3.4,66,-8.8,-9.1,0.0,1025.2,833.3,0,17.6,33.2,26,23,40.0,11.32090062985553
95,2023-01-04 23:00:00,-3.6,68,-8.7,-9.3,0.0,1025.6,833.5,0,17.8,33.5,21,21,40.3,12.2591747794726
96,2023-01-05 00:00:00,-3.8,70,-8.5,-9.5,0.0,1025.8,833.5,0,17.5,33.2,19,18,40.3,13.365092160357904
97,2023-01-05 01:00:00,-4.1,73,-8.2,-9.7,0.0,1025.9,833.5,0,17.4,33.0,18,16,40.0,14.701573139205738
98,2023-01-05 02:00:00,-4.3,75,-8.0,-9.8,0.0,1025.6,833.1,0,16.8,32.3,23,19,39.6,14.020054146356221
99,2023-01-05 03:00:00,-4.8,79,-8.0,-10.6,0.0,1025.8,832.9,0,18.4,33.9,23,19,38.5,14.683652179265493
100,2023-01-05 04:00:00,-5.0,79,-8.0,-10.7,0.0,1025.8,832.8,0,17.7,33.1,24,19,40.7,14.64753451968568
101,2023-01-05 05:00:00,-5.3,81,-8.0,-10.9,0.0,1025.9,832.7,0,17.7,33.1,20,17,40.3,14.64753451968568
102,2023-01-05 06:00:00,-5.5,83,-7.9,-11.2,0.0,1026.1,832.7,0,17.9,32.8,22,19,40.7,14.545408225117333
103,2023-01-05 07:00:00,-5.7,83,-8.1,-11.2,0.0,1026.1,832.6,0,17.1,31.7,22,19,40.3,14.228811677634559
104,2023-01-05 08:00:00,-5.7,82,-8.3,-11.2,0.0,1026.2,832.7,0,16.4,30.9,19,17,38.9,14.032990277381433
105,2023-01-05 09:00:00,-4.6,75,-8.3,-10.3,0.0,1026.4,833.5,0,17.5,28.5,19,18,38.2,14.57507656581376
106,2023-01-05 10:00:00,-2.6,63,-8.6,-7.9,0.0,1026.3,834.7,0,15.5,23.9,18,18,37.1,14.365941204036401
107,2023-01-05 11:00:00,-0.6,52,-9.2,-5.9,0.0,1025.4,835.2,0,14.9,20.6,15,16,35.3,13.488844363857423
108,2023-01-05 12:00:00,1.2,45,-9.4,-4.0,0.0,1023.8,835.0,0,14.3,18.9,12,13,34.6,12.850638307246854
109,2023-01-05 13:00:00,2.5,40,-9.7,-2.5,0.0,1021.9,834.3,0,12.1,15.5,10,12,32.4,11.922690893086315
110,2023-01-05 14:00:00,3.1,37,-10.1,-1.6,0.0,1020.7,833.7,8,10.2,12.9,10,13,28.4,10.54688427335854
111,2023-01-05 15:00:00,2.2,45,-8.5,-2.6,0.0,1021.2,833.5,0,11.5,14.5,20,23,25.2,9.001748455530642
112,2023-01-05 16:00:00,1.6,49,-8.1,-2.9,0.0,1021.3,833.2,25,9.6,12.6,34,37,26.3,7.023467145184979
113,2023-01-05 17:00:00,-0.3,58,-7.6,-4.3,0.0,1020.6,831.5,29,6.4,13.8,38,43,22.7,6.218877719322739
114,2023-01-05 18:00:00,-3.6,74,-7.5,-7.6,0.0,1019.3,828.4,28,7.1,13.5,41,34,17.6,5.33078770746903
115,2023-01-05 19:00:00,-3.8,72,-8.1,-8.1,0.0,1019.0,828.0,27,8.1,12.3,45,32,19.4,4.911411643773755
116,2023-01-05 20:00:00,-3.4,67,-8.6,-7.5,0.0,1018.7,828.1,22,7.2,10.2,53,39,19.4,4.378551380045014
117,2023-01-05 21:00:00,-3.1,63,-9.1,-6.9,0.0,1018.3,827.9,1,4.7,5.6,58,45,16.9,3.7385189141146027
118,2023-01-05 22:00:00,-2.7,56,-10.2,-6.5,0.0,1018.6,828.4,0,3.4,1.6,72,117,12.6,2.959440600041312
119,2023-01-05 23:00:00,-2.7,48,-12.1,-6.9,0.0,1018.7,828.5,0,5.5,4.7,101,171,9.7,3.0741931177093926
120,2023-01-06 00:00:00,-1.9,44,-12.5,-6.4,0.0,1019.1,829.3,0,7.7,7.6,127,185,12.2,3.752084841977737
121,2023-01-06 01:00:00,0.0,41,-11.8,-4.3,0.0,1019.3,830.6,3,6.6,6.6,139,202,12.2,3.8311199795928434
122,2023-01-06 02:00:00,-0.4,44,-11.2,-4.6,0.0,1019.3,830.4,21,5.9,6.8,137,198,10.4,4.196562515848893
123,2023-01-06 03:00:00,-0.8,44,-11.5,-4.9,0.0,1019.5,830.3,13,5.6,6.6,135,202,12.2,4.404568146387365
124,2023-01-06 04:00:00,-2.4,51,-11.3,-6.9,0.0,1019.3,829.1,0,7.9,10.5,141,186,13.3,5.01623958985007
125,2023-01-06 05:00:00,-2.0,49,-11.3,-6.6,0.0,1019.2,829.3,0,8.3,11.6,146,185,13.7,6.167102971691685
126,2023-01-06 06:00:00,-0.6,47,-10.6,-4.9,0.0,1019.2,830.2,0,7.0,11.2,145,184,13.7,6.780484203691032
127,2023-01-06 07:00:00,-1.7,55,-9.5,-6.2,0.0,1019.3,829.6,0,8.5,12.2,144,178,13.7,7.686455772559
128,2023-01-06 08:00:00,-2.1,60,-8.8,-6.5,0.0,1019.9,829.8,0,8.8,12.6,145,178,14.0,8.739799664813729
129,2023-01-06 09:00:00,-0.6,57,-8.2,-4.6,0.0,1020.3,831.1,0,6.1,11.9,140,177,14.0,8.45038432870462
130,2023-01-06 10:00:00,2.9,47,-7.4,-1.1,0.0,1020.6,833.4,2,7.0,12.4,159,170,15.1,8.729549274069903
131,2023-01-06 11:00:00,4.4,45,-6.6,0.3,0.0,1021.3,834.9,2,8.0,10.1,190,184,18.7,8.114527291277094
132,2023-01-06 12:00:00,5.0,45,-6.1,0.7,0.0,1020.7,834.8,8,9.8,12.3,188,183,22.7,7.789838468986434
133,2023-01-06 13:00:00,5.3,44,-5.8,0.8,0.0,1019.7,834.2,4,11.2,14.0,186,181,25.2,8.01785323341812
134,2023-01-06 14:00:00,5.6,44,-5.8,1.2,0.0,1018.7,833.5,3,10.6,13.0,190,185,25.6,7.981295456427872
135,2023-01-06 15:00:00,5.6,42,-6.2,2.0,0.0,1018.8,833.6,7,5.3,6.3,242,239,23.4,6.862188600538758
136,2023-01-06 16:00:00,5.2,43,-6.3,2.1,0.0,1018.6,833.2,32,1.8,1.3,259,236,13.7,5.906368714078833
137,2023-01-06 17:00:00,4.2,46,-6.4,1.0,0.0,1018.5,832.5,1,2.2,3.3,360,41,6.1,5.3729912674994456
138,2023-01-06 18:00:00,-1.2,64,-7.2,-5.3,0.0,1018.7,829.4,0,7.4,7.1,29,24,12.6,5.457779083392687
139,2023-01-06 19:00:00,-1.8,65,-7.5,-5.9,0.0,1019.2,829.5,0,7.7,8.9,37,32,15.1,5.3390402501833565
140,2023-01-06 20:00:00,-1.7,64,-7.6,-5.7,0.0,1020.4,830.5,17,6.6,10.8,29,21,15.5,5.431264836178905
141,2023-01-06 21:00:00,-1.2,65,-7.0,-5.9,0.1,1022.0,832.1,14,11.8,22.0,20,18,26.3,6.052693747426952
142,2023-01-06 22:00:00,-2.0,74,-6.1,-6.6,0.2,1022.8,832.2,16,11.7,25.0,34,33,28.8,5.7684067275856
143,2023-01-06 23:00:00,-2.2,77,-5.8,-6.7,0.4,1022.9,832.2,25,11.5,24.8,32,30,28.4,5.624745676850588
144,2023-01-07 00:00:00,-2.0,77,-5.4,-6.8,0.0,1024.1,833.3,11,13.9,28.3,17,15,32.0,6.151735505464959
145,2023-01-07 01:00:00,-2.7,83,-5.2,-7.7,0.0,1025.1,833.7,4,15.2,31.4,14,13,36.0,7.251055109439945
146,2023-01-07 02:00:00,-3.2,87,-5.1,-8.4,0.0,1025.4,833.6,13,16.3,32.3,14,14,37.8,7.882653198489133
147,2023-01-07 03:00:00,-3.6,85,-5.8,-9.1,0.0,1025.5,833.4,16,17.8,34.2,18,20,38.9,8.769781880109278
148,2023-01-07 04:00:00,-3.6,90,-5.0,-9.0,0.0,1025.5,833.5,20,18.6,34.9,18,22,42.1,9.409312397707492
149,2023-01-07 05:00:00,-3.7,93,-4.6,-9.1,0.0,1025.6,833.5,84,18.9,34.4,18,20,42.1,9.745232723401642
150,2023-01-07 06:00:00,-3.4,97,-3.8,-8.9,0.0,1025.7,833.7,90,19.3,32.6,21,22,42.8,10.309276813270097
151,2023-01-07 07:00:00,-3.4,99,-3.6,-8.6,0.0,1026.6,834.5,90,18.0,29.5,20,24,42.1,10.259802898695865
152,2023-01-07 08:00:00,-3.8,99,-3.9,-9.0,0.0,1027.1,834.6,90,17.4,28.7,22,25,38.2,10.380385681134054
153,2023-01-07 09:00:00,-3.2,97,-3.6,-8.4,0.0,1027.6,835.4,90,17.8,25.5,21,23,38.2,10.662407902542185
154,2023-01-07 10:00:00,-2.5,91,-3.8,-7.4,0.0,1028.0,836.2,89,15.3,20.4,27,26,37.8,10.579120966197628
155,2023-01-07 11:00:00,-1.7,86,-3.8,-6.6,0.0,1028.1,836.8,87,15.6,19.8,34,33,34.6,10.056922781882593
156,2023-01-07 12:00:00,-0.4,77,-3.9,-5.2,0.0,1027.0,836.6,68,15.0,19.3,35,37,34.6,9.336846815950219
157,2023-01-07 13:00:00,1.2,67,-4.3,-3.4,0.0,1025.2,836.2,32,13.2,16.9,26,29,33.8,8.24973106028972
158,2023-01-07 14:00:00,1.7,62,-4.8,-2.8,0.0,1023.9,835.4,14,11.7,14.9,18,20,30.6,7.970475967065864
159,2023-01-07 15:00:00,1.3,67,-4.3,-3.7,0.0,1023.9,835.2,30,16.0,20.9,23,24,28.1,8.946923262878197
160,2023-01-07 16:00:00,0.8,68,-4.4,-4.3,0.0,1023.8,834.8,14,16.6,22.1,24,26,35.6,9.663197383936682
161,2023-01-07 17:00:00,-0.4,74,-4.6,-5.2,0.0,1024.0,834.2,6,14.3,21.6,28,30,35.6,9.66383500744998
162,2023-01-07 18:00:00,-2.9,86,-5.0,-7.2,0.0,1024.4,833.0,4,10.2,22.3,39,38,30.6,9.623800572227708
163,2023-01-07 19:00:00,-4.0,89,-5.5,-8.5,0.0,1025.0,832.8,0,11.5,23.0,44,41,26.6,8.86152448149765
164,2023-01-07 20:00:00,-4.2,91,-5.5,-8.8,0.0,1025.4,833.0,0,12.0,22.2,41,42,27.4,8.5256041558035
165,2023-01-07 21:00:00,-4.1,90,-5.4,-8.6,0.0,1025.3,833.0,1,11.5,20.6,41,44,27.4,8.195044059416782
166,2023-01-07 22:00:00,-4.4,91,-5.6,-8.6,0.0,1024.7,832.3,1,9.4,18.1,43,44,25.9,7.493738638664649
167,2023-01-07 23:00:00,-4.6,90,-6.0,-8.8,0.0,1024.7,832.2,1,8.7,16.7,38,37,22.0,6.587245929998598
168,2023-01-08 00:00:00,-4.7,91,-6.0,-8.9,0.0,1024.8,832.2,0,9.2,17.1,42,39,21.6,6.095277044582909
169,2023-01-08 01:00:00,-4.9,90,-6.3,-9.0,0.0,1024.4,831.7,0,8.6,15.5,57,46,21.6,5.100281092787137
170,2023-01-08 02:00:00,-5.2,87,-7.0,-9.2,0.0,1023.4,830.7,0,6.8,11.5,65,41,20.2,4.328293776475996
171,2023-01-08 03:00:00,-4.9,85,-7.0,-9.3,0.0,1024.4,831.7,0,9.7,18.4,48,42,16.9,3.9381577299429065
172,2023-01-08 04:00:00,-5.3,85,-7.3,-9.8,0.0,1024.2,831.3,0,10.2,19.7,45,40,23.8,3.8386784482253256
173,2023-01-08 05:00:00,-5.4,84,-7.7,-9.9,0.0,1023.7,830.9,0,10.5,20.3,41,33,24.1,3.5736105694857634
174,2023-01-08 06:00:00,-5.5,83,-7.9,-10.0,0.0,1023.2,830.4,0,9.7,19.5,45,38,24.1,3.222490585478813
175,2023-01-08 07:00:00,-5.7,82,-8.3,-10.2,0.0,1022.8,829.9,0,9.8,18.3,54,43,23.0,3.0767380176541033
176,2023-01-08 08:00:00,-5.6,74,-9.4,-10.2,0.0,1022.6,829.8,0,9.9,18.1,57,46,23.0,2.865567395096652
177,2023-01-08 09:00:00,-3.6,61,-10.0,-8.7,0.0,1022.6,831.1,0,12.9,17.3,54,42,24.8,2.8305942082583613
178,2023-01-08 10:00:00,-0.5,48,-10.1,-5.3,0.0,1022.8,833.2,0,10.9,17.7,44,39,25.6,2.9618139484101325
179,2023-01-08 11:00:00,1.3,40,-10.7,-3.5,0.0,1022.5,834.0,0,10.0,13.3,30,33,24.8,2.6809949524827554
180,2023-01-08 12:00:00,2.4,35,-11.5,-2.6,0.0,1021.6,833.9,0,11.0,13.9,23,25,26.3,2.630533989820032
181,2023-01-08 13:00:00,2.5,35,-11.3,-2.7,0.0,1020.9,833.5,0,12.9,16.3,23,25,30.2,3.0204995347799333
182,2023-01-08 14:00:00,2.4,36,-11.1,-2.9,0.0,1020.5,833.0,0,13.2,16.9,22,24,31.3,3.4557328350262075
183,2023-01-08 15:00:00,-0.1,55,-8.2,-5.5,0.0,1022.3,833.0,8,15.7,20.3,20,23,31.7,4.128271751705382
184,2023-01-08 16:00:00,-0.8,58,-8.0,-6.0,0.0,1022.5,832.8,5,14.7,19.7,22,24,34.6,4.516364073604667
185,2023-01-08 17:00:00,-2.7,70,-7.5,-8.1,0.0,1023.2,832.2,9,16.3,23.8,25,25,35.3,4.79597053278209
186,2023-01-08 18:00:00,-5.2,90,-6.5,-10.1,0.0,1024.0,831.2,12,13.9,25.1,31,32,34.6,4.806349532064438
187,2023-01-08 19:00:00,-5.9,93,-6.9,-11.2,0.0,1024.6,831.3,24,16.4,28.5,33,35,36.0,5.112909616937586
188,2023-01-08 20:00:00,-6.1,92,-7.1,-11.3,0.0,1025.2,831.6,32,15.7,27.4,32,33,36.4,5.117674130764106
189,2023-01-08 21:00:00,-6.2,93,-7.1,-11.3,0.0,1025.6,831.9,90,14.6,25.6,33,32,34.9,4.9353339959271425
190,2023-01-08 22:00:00,-6.1,95,-6.8,-11.2,0.0,1025.6,832.0,90,14.8,25.2,34,34,33.8,4.8632245732418955
191,2023-01-08 23:00:00,-6.1,93,-7.1,-11.3,0.0,1025.2,831.6,90,15.4,24.8,33,33,33.8,4.962169341655262
192,2023-01-09 00:00:00,-6.3,93,-7.2,-11.6,0.0,1025.4,831.7,90,15.9,26.4,33,32,34.6,5.01180691348471
193,2023-01-09 01:00:00,-6.3,91,-7.5,-11.6,0.0,1025.8,832.0,90,15.6,26.8,34,33,34.9,4.742621611230665
194,2023-01-09 02:00:00,-6.3,90,-7.7,-11.6,0.0,1025.8,832.0,90,15.5,26.9,36,35,34.9,4.791707460091294
195,2023-01-09 03:00:00,-6.6,94,-7.4,-12.2,0.0,1027.2,832.9,90,17.7,27.3,20,23,35.6,5.263945421461982
196,2023-01-09 04:00:00,-6.8,96,-7.3,-12.5,0.0,1027.4,833.0,90,18.4,27.5,23,26,39.2,5.129918011496074
197,2023-01-09 05:00:00,-7.0,95,-7.6,-12.7,0.0,1027.4,832.8,90,18.2,28.2,27,28,39.6,5.164029636857692
198,2023-01-09 06:00:00,-6.9,94,-7.7,-12.6,0.0,1027.3,832.8,90,18.2,26.6,27,28,40.3,5.309086641531456
199,2023-01-09 07:00:00,-6.9,94,-7.7,-12.5,0.0,1027.8,833.2,90,17.7,25.5,27,29,39.2,5.41362912400509
200,2023-01-09 08:00:00,-7.1,94,-7.9,-12.6,0.0,1028.5,833.7,90,16.9,24.5,27,28,38.9,5.849845347686963
201,2023-01-09 09:00:00,-6.6,90,-7.9,-12.1,0.0,1028.8,834.2,90,16.6,24.2,27,28,37.1,5.818462264623591
202,2023-01-09 10:00:00,-5.5,83,-8.0,-10.9,0.0,1028.9,835.0,90,15.8,21.9,27,30,36.7,5.928144821361357
203,2023-01-09 11:00:00,-3.8,69,-8.6,-9.0,0.0,1028.0,835.4,44,14.7,20.3,25,27,35.6,6.03651169277218
204,2023-01-09 12:00:00,-1.7,55,-9.5,-6.9,0.0,1026.5,835.4,32,13.7,17.9,23,25,34.2,5.841761435345858
205,2023-01-09 13:00:00,-0.1,46,-10.3,-5.3,0.0,1024.8,835.0,14,13.1,16.8,21,23,32.8,5.379957942069206
206,2023-01-09 14:00:00,0.8,43,-10.4,-4.3,0.0,1023.5,834.6,6,12.4,16.0,22,23,31.3,5.420562301590129
207,2023-01-09 15:00:00,-0.9,54,-8.9,-6.2,0.0,1024.8,834.6,9,15.0,19.8,17,19,29.9,6.248682050357215
208,2023-01-09 16:00:00,-1.2,55,-9.0,-6.3,0.0,1024.9,834.5,11,13.9,18.4,25,26,33.8,6.009330418336616
209,2023-01-09 17:00:00,-2.4,59,-9.4,-7.4,0.0,1025.2,833.9,7,12.2,18.1,34,35,31.3,5.565532583220342
210,2023-01-09 18:00:00,-5.1,75,-8.8,-9.8,0.0,1024.6,831.8,6,10.7,22.0,40,35,27.0,5.5742809260912285
211,2023-01-09 19:00:00,-5.8,80,-8.7,-10.8,0.0,1024.3,831.1,4,12.7,21.2,47,40,28.1,5.416862892739566
212,2023-01-09 20:00:00,-5.5,75,-9.3,-10.2,0.0,1023.9,830.9,2,10.6,17.1,55,44,27.7,5.280821219255418
213,2023-01-09 21:00:00,-5.0,65,-10.5,-9.3,0.0,1023.6,831.0,1,6.9,9.5,62,61,23.4,4.428647610504866
214,2023-01-09 22:00:00,-5.2,62,-11.4,-9.1,0.0,1023.4,830.7,0,4.0,4.9,80,126,16.2,3.681142477573888
215,2023-01-09 23:00:00,-5.1,52,-13.6,-9.5,0.0,1023.5,830.9,0,6.0,7.2,107,180,10.8,3.6975545768777978
216,2023-01-10 00:00:00,-4.8,46,-14.6,-9.7,0.0,1024.1,831.5,0,9.4,10.0,137,195,14.4,4.310973401817553
217,2023-01-10 01:00:00,-4.9,49,-13.9,-9.8,0.0,1024.8,832.0,0,9.7,11.1,149,193,15.8,4.996120856739185
218,2023-01-10 02:00:00,-5.3,54,-13.2,-10.2,0.0,1025.0,832.0,0,10.0,14.8,142,184,16.9,6.156982227043839
219,2023-01-10 03:00:00,-4.3,46,-14.2,-9.0,0.0,1025.2,832.8,0,8.2,10.8,151,195,17.6,6.435429887256562
220,2023-01-10 04:00:00,-5.8,55,-13.4,-10.6,0.0,1025.1,831.7,0,9.4,14.1,137,184,16.2,7.585339881166515
221,2023-01-10 05:00:00,-5.9,59,-12.6,-10.8,0.0,1025.0,831.6,0,10.2,15.1,141,183,17.3,8.560223572303014
222,2023-01-10 06:00:00,-5.9,62,-12.1,-10.6,0.0,1024.9,831.5,0,9.4,13.7,133,178,17.3,8.987199079178833
223,2023-01-10 07:00:00,-5.8,64,-11.6,-10.5,0.0,1024.9,831.6,0,9.4,13.7,133,177,16.2,8.976165873059328
224,2023-01-10 08:00:00,-5.8,67,-11.0,-10.7,0.0,1025.3,831.9,0,10.7,14.8,140,177,17.6,9.347512846126207
225,2023-01-10 09:00:00,-2.2,54,-10.3,-6.4,0.0,1026.0,834.7,1,6.1,15.5,152,177,18.0,9.43939189361033
226,2023-01-10 10:00:00,0.5,47,-9.4,-4.1,0.0,1026.1,836.5,2,9.8,16.6,174,178,20.5,9.440721539513222
227,2023-01-10 11:00:00,1.9,45,-8.9,-3.2,0.0,1026.0,837.2,0,13.0,16.9,183,180,27.0,9.328212409451083
228,2023-01-10 12:00:00,2.6,44,-8.5,-2.6,0.0,1025.5,837.3,0,14.4,18.4,184,182,30.6,9.145078173641252
229,2023-01-10 13:00:00,3.2,43,-8.0,-2.0,0.0,1024.7,837.0,0,15.1,19.1,181,179,32.0,9.733694395530382
230,2023-01-10 14:00:00,3.6,44,-7.5,-1.6,0.0,1023.9,836.6,0,15.5,19.5,180,177,32.4,11.56243825966293
231,2023-01-10 15:00:00,3.6,49,-6.1,-1.3,0.0,1023.4,836.1,1,13.7,17.3,182,179,32.4,11.60112495624715
232,2023-01-10 16:00:00,3.0,56,-4.9,-1.8,0.0,1023.3,835.7,0,14.0,18.8,179,175,28.4,12.179956714616372
233,2023-01-10 17:00:00,1.2,69,-3.8,-2.9,0.0,1023.5,834.8,0,10.4,21.8,178,171,28.1,14.582962798325111
234,2023-01-10 18:00:00,-1.4,81,-4.3,-5.4,0.0,1024.0,833.6,0,9.0,23.2,180,173,23.4,15.805877264555933
235,2023-01-10 19:00:00,-1.8,84,-4.2,-5.8,0.0,1024.8,834.0,3,9.2,24.3,169,174,22.3,17.468798320539893
236,2023-01-10 20:00:00,-1.6,87,-3.5,-5.8,0.0,1025.4,834.6,4,10.9,26.5,171,173,25.2,19.84718211288643
237,2023-01-10 21:00:00,-1.8,92,-3.0,-5.9,0.0,1025.8,834.8,11,11.3,26.5,171,173,26.6,20.01925954354309
238,2023-01-10 22:00:00,-1.8,94,-2.6,-5.9,0.0,1025.4,834.5,25,11.3,27.6,163,168,27.0,21.193254187467154
239,2023-01-10 23:00:00,-1.5,95,-2.1,-5.8,0.0,1025.3,834.6,37,13.4,29.7,166,169,31.0,22.305590184242075
240,2023-01-11 00:00:00,-1.2,97,-1.6,-5.8,0.0,1025.3,834.8,100,15.7,32.0,171,172,35.3,23.20553517738954
241,2023-01-11 01:00:00,-0.8,100,-0.8,-5.7,0.0,1025.2,835.0,100,18.4,33.3,174,174,39.6,23.25285772677641
242,2023-01-11 02:00:00,-0.1,100,-0.1,-5.4,0.0,1024.5,834.8,100,21.4,35.2,173,172,44.3,23.39156694959516
243,2023-01-11 03:00:00,-0.9,100,-0.9,-5.7,0.1,1024.3,834.2,100,18.0,32.2,168,170,48.2,24.488975379558145
244,2023-01-11 04:00:00,-0.5,100,-0.5,-5.4,0.0,1024.2,834.3,100,18.8,32.6,175,173,41.0,24.75279739000799
245,2023-01-11 05:00:00,-0.4,100,-0.4,-5.3,0.1,1023.9,834.1,100,18.8,32.9,176,174,40.3,25.14256769020546
246,2023-01-11 06:00:00,-0.3,100,-0.3,-5.5,0.2,1023.9,834.2,100,20.7,36.1,172,171,42.8,25.728393915645505
247,2023-01-11 07:00:00,-0.3,100,-0.3,-5.6,0.0,1023.8,834.1,100,22.1,37.5,174,172,46.1,25.845118929276946
248,2023-01-11 08:00:00,-0.5,100,-0.5,-5.9,0.0,1024.5,834.6,100,22.4,37.4,175,173,46.8,25.463116907872433
249,2023-01-11 09:00:00,-0.5,99,-0.6,-5.9,0.0,1025.0,835.0,100,22.0,37.7,177,173,48.2,25.612248170971228
250,2023-01-11 10:00:00,0.3,95,-0.4,-5.4,0.0,1025.1,835.5,100,24.0,37.8,172,168,49.0,26.38269343169544
251,2023-01-11 11:00:00,1.0,93,0.0,-4.8,0.0,1024.8,835.7,100,25.5,37.2,172,171,51.8,28.117564528321562
252,2023-01-11 12:00:00,1.8,88,0.0,-3.9,0.0,1024.0,835.6,100,25.2,35.2,170,169,57.6,30.39896683660934
253,2023-01-11 13:00:00,1.8,89,0.1,-4.1,0.0,1023.1,834.8,100,25.9,37.4,171,169,52.9,32.29282142508311
254,2023-01-11 14:00:00,1.3,94,0.4,-4.3,0.1,1022.7,834.2,100,24.6,36.0,174,172,53.3,33.98601787861924
255,2023-01-11 15:00:00,1.5,96,0.9,-3.8,0.1,1022.0,833.7,100,22.6,34.0,166,165,51.1,34.27045246127907
256,2023-01-11 16:00:00,1.0,99,0.8,-4.1,0.0,1022.2,833.6,100,21.5,34.0,166,165,48.6,33.8871005346942
257,2023-01-11 17:00:00,0.8,99,0.7,-4.2,0.2,1022.1,833.4,100,21.1,35.4,172,171,46.8,34.04332724723571
258,2023-01-11 18:00:00,0.8,99,0.7,-4.5,0.1,1022.1,833.4,100,22.4,37.7,174,173,50.0,33.21101112134019
259,2023-01-11 19:00:00,0.8,98,0.5,-4.6,0.0,1022.5,833.7,100,23.1,37.3,169,167,51.5,32.58363259850908
260,2023-01-11 20:00:00,0.5,99,0.3,-5.1,0.1,1022.8,833.8,100,24.3,38.6,165,162,52.6,32.060991046064174
261,2023-01-11 21:00:00,0.7,96,0.2,-5.1,0.0,1022.3,833.5,100,25.6,40.4,166,164,55.4,32.11807547791349
262,2023-01-11 22:00:00,0.8,96,0.2,-5.0,0.0,1022.1,833.4,100,25.2,40.1,171,168,55.4,32.0047765191488
263,2023-01-11 23:00:00,0.4,98,0.1,-5.3,0.0,1021.9,833.0,100,24.8,39.5,171,167,54.7,32.17298387980104
264,2023-01-12 00:00:00,0.1,99,-0.1,-5.5,0.0,1022.1,833.0,100,23.7,37.6,171,167,54.0,32.194474526206356
265,2023-01-12 01:00:00,-0.4,100,-0.4,-5.8,0.1,1022.2,832.8,100,22.4,35.0,175,171,51.5,31.80344021499309
266,2023-01-12 02:00:00,-0.6,100,-0.6,-6.0,0.2,1021.9,832.4,100,22.0,35.4,175,171,47.5,32.02750039749621
267,2023-01-12 03:00:00,-0.8,89,-2.4,-5.7,0.1,1021.4,831.8,100,16.6,30.5,162,163,47.2,30.960645569671698
268,2023-01-12 04:00:00,-0.9,87,-2.8,-5.6,0.0,1021.3,831.7,44,15.0,27.8,163,163,38.2,30.119347759763148
269,2023-01-12 05:00:00,-1.5,88,-3.2,-6.1,0.0,1020.8,830.9,86,13.8,27.7,165,167,35.6,30.46346895818034
270,2023-01-12 06:00:00,-1.8,87,-3.7,-6.6,0.0,1020.6,830.6,87,15.2,30.2,166,168,36.0,29.89858002313958
271,2023-01-12 07:00:00,-1.5,80,-4.5,-6.5,0.0,1020.7,830.8,88,15.4,30.2,164,165,36.7,30.018395996561047
272,2023-01-12 08:00:00,-1.6,75,-5.5,-6.3,0.0,1021.1,831.1,37,13.0,26.9,161,160,36.4,29.421988259569776
273,2023-01-12 09:00:00,-1.0,69,-6.0,-5.6,0.0,1020.9,831.3,89,12.1,22.7,157,157,32.0,27.79509698848745
274,2023-01-12 10:00:00,0.4,63,-5.9,-4.1,0.0,1021.0,832.3,74,11.6,20.8,158,154,29.9,25.2479997601806
275,2023-01-12 11:00:00,1.5,55,-6.5,-2.8,0.0,1020.8,832.8,53,9.5,13.2,171,169,29.2,23.90241119702151
276,2023-01-12 12:00:00,2.3,51,-6.9,-2.1,0.0,1020.1,832.7,72,9.4,11.7,173,171,25.2,23.69906363742492
277,2023-01-12 13:00:00,3.0,47,-7.2,-1.5,0.0,1019.1,832.3,59,10.4,13.0,166,166,25.2,24.015472061233353
278,2023-01-12 14:00:00,3.3,45,-7.5,-1.5,0.0,1018.2,831.7,61,12.2,15.4,161,159,27.7,23.7268192756743
279,2023-01-12 15:00:00,3.2,48,-6.8,-1.5,0.0,1017.9,831.4,57,11.6,14.2,164,159,31.0,23.703263205828204
280,2023-01-12 16:00:00,2.5,51,-6.7,-1.9,0.0,1018.5,831.5,45,9.8,12.2,163,161,25.9,23.169514448314434
281,2023-01-12 17:00:00,1.7,50,-7.7,-2.8,0.0,1018.6,831.1,68,10.0,13.8,150,152,23.0,22.45024566566635
282,2023-01-12 18:00:00,0.6,50,-8.7,-3.7,0.0,1018.6,830.4,92,8.0,17.7,153,153,22.3,21.598332175618527
283,2023-01-12 19:00:00,0.3,47,-9.8,-4.4,0.0,1019.3,830.8,92,10.2,20.0,157,157,24.1,21.62379871936838
284,2023-01-12 20:00:00,-0.3,45,-10.7,-5.3,0.0,1019.9,831.0,92,12.2,22.6,161,158,26.6,21.938802456104078
285,2023-01-12 21:00:00,-0.6,44,-11.5,-5.9,0.0,1020.3,831.1,88,13.3,23.6,167,164,29.2,22.806695688884727
286,2023-01-12 22:00:00,-1.0,43,-12.2,-6.2,0.0,1020.3,830.8,63,12.5,23.6,168,164,28.8,24.373579430533397
287,2023-01-12 23:00:00,-1.3,42,-12.5,-6.5,0.0,1020.6,830.9,60,12.3,23.5,159,155,28.1,23.827119384565894
288,2023-01-13 00:00:00,-1.7,44,-12.5,-6.7,0.0,1020.4,830.5,65,10.8,23.5,150,151,27.7,22.18717408883091
289,2023-01-13 01:00:00,-1.8,44,-12.5,-6.8,0.0,1020.3,830.4,73,10.9,23.2,153,154,25.9,22.331196825342413
290,2023-01-13 02:00:00,-2.4,45,-12.6,-7.4,0.0,1020.0,829.7,83,10.5,23.4,149,157,25.2,22.339010805709542
291,2023-01-13 03:00:00,-1.1,46,-11.2,-5.6,0.0,1019.0,829.7,100,8.0,17.8,117,135,24.1,20.92588503695694
292,2023-01-13 04:00:00,-0.7,45,-11.2,-5.1,0.0,1018.9,829.9,100,7.5,16.7,125,147,20.2,20.150440081378513
293,2023-01-13 05:00:00,-1.2,46,-11.3,-5.5,0.0,1019.2,829.8,59,6.9,16.1,137,153,19.1,18.17095830078469
294,2023-01-13 06:00:00,-2.5,51,-11.2,-6.7,0.0,1019.3,829.1,68,5.9,13.7,128,145,17.6,13.6939645445765
295,2023-01-13 07:00:00,-1.7,49,-11.0,-5.8,0.0,1019.5,829.7,72,5.6,13.2,105,125,15.8,11.049679285597868
296,2023-01-13 08:00:00,-3.0,55,-10.7,-7.1,0.0,1019.4,828.9,32,5.8,12.9,94,117,16.2,9.06182171272547
297,2023-01-13 09:00:00,-1.4,51,-10.2,-5.7,0.0,1019.4,829.9,33,7.8,13.6,112,140,17.3,8.02244210179882
298,2023-01-13 10:00:00,0.4,44,-10.6,-4.2,0.0,1020.4,831.8,39,9.0,12.3,164,159,20.5,7.680013818205799
299,2023-01-13 11:00:00,1.2,43,-10.0,-3.4,0.0,1020.1,832.0,19,9.8,12.2,174,166,23.0,7.203838620910062
300,2023-01-13 12:00:00,2.3,43,-9.0,-2.4,0.0,1019.1,831.8,34,10.2,12.3,170,165,23.8,7.142238134212291
301,2023-01-13 13:00:00,2.8,44,-8.2,-2.2,0.0,1018.3,831.5,74,13.3,16.3,177,174,29.2,7.809323637016296
302,2023-01-13 14:00:00,2.6,46,-7.7,-2.3,0.0,1017.8,831.0,100,12.6,15.7,175,171,29.5,8.512149931855477
303,2023-01-13 15:00:00,2.7,47,-7.6,-1.6,0.0,1017.8,831.1,100,9.3,11.3,167,163,27.7,8.266811180737726
304,2023-01-13 16:00:00,2.2,49,-7.4,-2.4,0.0,1018.5,831.3,100,11.0,13.9,161,159,23.0,8.57754308009508
305,2023-01-13 17:00:00,1.0,54,-7.3,-3.7,0.0,1019.3,831.2,100,11.5,15.5,160,158,24.8,8.960015645382908
306,2023-01-13 18:00:00,-0.1,59,-7.2,-4.5,0.0,1019.9,831.0,100,9.7,14.7,149,152,24.1,8.246989698890424
307,2023-01-13 19:00:00,-0.5,62,-6.9,-4.7,0.0,1020.3,831.1,96,8.1,14.2,159,164,21.6,8.948952129033676
308,2023-01-13 20:00:00,-1.3,63,-7.4,-5.3,0.0,1020.7,831.0,53,7.3,15.8,147,150,18.4,8.517261843425317
309,2023-01-13 21:00:00,-2.2,62,-8.5,-6.5,0.0,1021.0,830.6,40,8.1,18.9,135,140,20.9,8.399694660944029
310,2023-01-13 22:00:00,-3.1,66,-8.6,-7.1,0.0,1021.1,830.2,61,6.4,16.8,128,149,20.5,8.315028263153334
311,2023-01-13 23:00:00,-3.5,70,-8.2,-7.5,0.0,1021.1,829.9,45,6.0,14.3,123,152,17.6,8.168089290943055
312,2023-01-14 00:00:00,-3.1,70,-7.9,-6.9,0.0,1020.8,829.9,38,5.1,11.8,94,117,16.2,7.127694354278691
313,2023-01-14 01:00:00,-3.4,74,-7.4,-7.1,0.0,1020.4,829.4,38,5.2,10.9,78,96,14.0,6.243302979005399
314,2023-01-14 02:00:00,-3.3,76,-7.0,-7.1,0.0,1019.6,828.9,0,6.2,12.0,69,81,15.5,5.271189597946846
315,2023-01-14 03:00:00,-3.3,70,-8.0,-7.4,0.0,1019.4,828.7,2,7.2,14.4,63,77,15.8,4.865522606325476
316,2023-01-14 04:00:00,-2.9,69,-7.9,-7.2,0.0,1018.8,828.4,20,8.4,16.5,59,70,20.2,4.62593396942731
317,2023-01-14 05:00:00,-3.0,70,-7.7,-7.2,0.0,1018.4,828.0,30,7.6,14.3,59,72,20.5,4.354328604124014
318,2023-01-14 06:00:00,-3.3,72,-7.6,-7.2,0.0,1018.1,827.6,32,6.0,11.3,57,73,18.0,4.022774427305324
319,2023-01-14 07:00:00,-3.4,73,-7.6,-7.2,0.0,1018.0,827.5,32,5.8,10.5,60,68,15.1,3.732129472283948
320,2023-01-14 08:00:00,-3.4,73,-7.5,-7.0,0.0,1018.4,827.8,46,4.3,7.0,66,78,14.8,3.071279297258636
321,2023-01-14 09:00:00,-1.8,68,-6.8,-5.7,0.0,1018.6,829.0,31,6.6,7.1,68,75,13.7,2.859125687866171
322,2023-01-14 10:00:00,1.1,55,-7.0,-2.6,0.0,1018.6,830.7,28,5.0,5.7,69,72,15.1,2.6343017566954776
323,2023-01-14 11:00:00,2.4,50,-7.1,-1.0,0.0,1018.2,831.2,30,2.5,3.3,45,49,13.7,2.093135162016233
324,2023-01-14 12:00:00,2.9,49,-6.8,-0.3,0.0,1017.7,831.1,32,1.8,2.1,323,329,11.9,1.8722977874363946
325,2023-01-14 13:00:00,3.4,49,-6.4,0.3,0.0,1016.8,830.7,64,1.5,1.3,346,326,11.9,2.1684539876015787
326,2023-01-14 14:00:00,3.8,49,-6.0,0.7,0.0,1016.1,830.3,94,1.5,1.3,346,326,11.5,2.510244648006049
327,2023-01-14 15:00:00,3.0,49,-6.6,-1.7,0.0,1016.8,830.4,34,12.6,15.6,20,19,11.5,3.17254651890099
328,2023-01-14 16:00:00,2.5,52,-6.5,-2.0,0.0,1017.2,830.4,99,11.1,14.0,29,29,28.1,3.2738914545488242
329,2023-01-14 17:00:00,1.7,55,-6.4,-2.7,0.0,1017.7,830.4,100,10.2,13.0,51,51,25.9,3.3295527616846567
330,2023-01-14 18:00:00,0.9,60,-6.1,-2.9,0.0,1018.4,830.4,100,5.8,8.3,60,72,22.7,3.0080997504339755
331,2023-01-14 19:00:00,0.6,62,-6.0,-3.1,0.0,1018.7,830.5,100,5.8,6.2,60,100,14.4,2.8503439283027365
332,2023-01-14 20:00:00,0.2,65,-5.6,-3.3,0.0,1018.9,830.4,100,5.0,4.4,60,125,14.0,2.8285006678622153
333,2023-01-14 21:00:00,-0.5,68,-5.6,-3.5,0.0,1019.3,830.3,100,1.1,3.3,72,193,12.2,3.1283389674043494
334,2023-01-14 22:00:00,-0.1,67,-5.5,-3.1,0.0,1020.0,831.2,100,1.5,2.2,76,189,6.5,2.9255949785474074
335,2023-01-14 23:00:00,0.3,67,-5.2,-3.1,0.0,1020.0,831.4,100,3.8,2.3,49,18,9.4,2.6598905750913047
336,2023-01-15 00:00:00,-0.4,70,-5.3,-3.7,0.0,1020.2,831.1,100,3.5,4.0,66,85,10.4,2.3304189800276744
337,2023-01-15 01:00:00,-0.4,72,-4.7,-3.7,0.1,1020.7,831.5,100,4.3,5.1,90,129,10.8,2.3048932680533585
338,2023-01-15 02:00:00,-1.0,84,-3.3,-4.3,0.8,1021.2,831.6,100,4.7,4.3,81,90,11.9,2.8028889955018497
339,2023-01-15 03:00:00,-1.1,79,-4.4,-5.2,1.0,1020.9,831.2,100,9.7,13.9,68,73,15.1,3.232449275394029
340,2023-01-15 04:00:00,-1.3,84,-3.7,-5.4,1.5,1020.3,830.6,100,9.8,15.5,62,72,21.2,3.5084106575432252
341,2023-01-15 05:00:00,-1.1,86,-3.1,-4.9,0.2,1019.7,830.3,100,8.6,12.8,57,74,20.9,2.835994414713119
342,2023-01-15 06:00:00,-1.0,87,-2.9,-4.4,0.0,1019.5,830.2,100,6.5,9.4,56,88,18.0,2.5473451193361427
343,2023-01-15 07:00:00,-0.8,87,-2.7,-4.2,0.0,1019.8,830.6,100,6.3,8.4,59,100,15.1,2.252007420358544
344,2023-01-15 08:00:00,-0.9,88,-2.6,-3.8,0.0,1020.2,830.8,100,3.4,6.6,72,119,14.4,1.8666298066466434
345,2023-01-15 09:00:00,0.3,83,-2.2,-2.9,0.0,1020.1,831.5,100,5.4,8.4,90,133,13.7,1.7275831350991153
346,2023-01-15 10:00:00,1.7,76,-2.1,-1.6,0.0,1020.4,832.5,93,6.0,9.0,147,143,15.5,2.3250395929425403
347,2023-01-15 11:00:00,2.7,71,-2.0,-0.9,0.0,1020.1,832.9,100,8.4,10.0,173,167,19.8,3.2735561642279367
348,2023-01-15 12:00:00,3.1,71,-1.7,-0.8,0.0,1019.6,832.8,100,10.9,13.5,174,171,24.5,3.9998656283784766
349,2023-01-15 13:00:00,2.7,75,-1.3,-1.2,0.0,1019.1,832.1,100,10.5,12.8,172,170,24.8,4.631357886511287
350,2023-01-15 14:00:00,2.2,79,-1.1,-1.4,0.0,1018.8,831.6,100,9.7,12.0,165,159,23.8,5.391796298662491
351,2023-01-15 15:00:00,3.2,78,-0.2,0.1,0.1,1018.2,831.7,100,6.3,8.0,103,100,22.0,5.156006030265042
352,2023-01-15 16:00:00,3.5,71,-1.2,0.4,0.0,1017.9,831.6,100,5.8,6.8,94,90,15.8,4.529141312981763
353,2023-01-15 17:00:00,3.0,73,-1.4,0.0,0.0,1018.0,831.4,100,4.9,5.7,126,125,15.5,4.052321238041424
354,2023-01-15 18:00:00,1.1,88,-0.6,-1.6,0.0,1018.4,830.6,100,3.6,3.8,143,139,12.2,3.757910027469961
355,2023-01-15 19:00:00,0.6,92,-0.6,-2.0,0.0,1019.0,830.7,100,2.5,2.9,82,97,9.0,2.840632207973404
356,2023-01-15 20:00:00,-0.5,94,-1.4,-3.6,0.1,1019.3,830.3,100,5.4,6.5,82,87,10.8,2.5218194073618267
357,2023-01-15 21:00:00,0.6,90,-0.8,-2.8,0.2,1019.5,831.2,100,8.0,11.6,95,97,16.9,2.2738188314112056
358,2023-01-15 22:00:00,0.3,91,-1.0,-3.2,0.5,1019.6,831.0,100,8.2,13.2,113,116,18.0,2.26965634764108
359,2023-01-15 23:00:00,-0.4,94,-1.3,-3.4,0.5,1019.6,830.6,100,4.8,13.6,103,112,18.4,2.2543297224725696
360,2023-01-16 00:00:00,-0.6,94,-1.5,-3.6,1.5,1019.6,830.5,100,4.7,12.7,94,105,15.1,2.166960492361306
361,2023-01-16 01:00:00,-0.4,94,-1.2,-3.4,1.2,1019.3,830.4,100,5.2,14.3,106,108,16.2,2.5260041267577042
362,2023-01-16 02:00:00,-0.6,95,-1.3,-3.7,1.2,1018.6,829.7,60,5.1,14.4,94,103,16.2,2.3549069024729237
363,2023-01-16 03:00:00,-0.9,94,-1.8,-4.1,1.1,1018.7,829.6,100,5.9,10.2,47,45,15.8,2.4923240321885882
364,2023-01-16 04:00:00,-1.6,94,-2.4,-4.8,0.0,1017.7,828.4,100,5.1,8.9,45,40,14.8,2.2709280482501564
365,2023-01-16 05:00:00,-2.4,95,-3.2,-5.8,0.0,1017.3,827.5,100,5.5,9.2,58,64,15.8,1.6618571754158393
366,2023-01-16 06:00:00,-3.7,97,-4.2,-6.9,0.0,1017.3,826.7,100,3.5,4.7,66,86,15.5,1.258272536443531
367,2023-01-16 07:00:00,-3.8,96,-4.4,-7.1,0.0,1017.6,826.9,66,4.1,5.8,75,86,12.6,0.8502464986408474
368,2023-01-16 08:00:00,-5.0,94,-5.8,-8.5,0.0,1017.9,826.4,68,4.6,6.5,72,71,13.7,0.81869780642297
369,2023-01-16 09:00:00,-4.1,90,-5.5,-7.8,0.0,1018.3,827.3,39,5.6,8.5,63,54,14.8,0.7986712333671191
370,2023-01-16 10:00:00,-1.6,86,-3.7,-5.1,0.0,1018.7,829.1,28,6.0,11.0,65,71,15.5,0.9559469356057153
371,2023-01-16 11:00:00,0.6,79,-2.6,-2.5,0.0,1018.3,830.2,34,3.9,7.6,68,65,14.4,0.9216745461082869
372,2023-01-16 12:00:00,0.9,83,-1.6,-2.0,0.0,1017.5,829.7,0,3.8,4.8,49,42,10.4,0.8855087334186647
373,2023-01-16 13:00:00,2.5,68,-2.9,0.0,0.0,1016.4,829.8,0,0.8,0.7,117,90,9.4,1.1291252039093815
374,2023-01-16 14:00:00,2.1,75,-1.8,-0.6,0.0,1015.7,829.0,0,3.6,3.3,174,186,6.8,1.5778650701062462
375,2023-01-16 15:00:00,4.0,63,-2.5,1.3,0.0,1015.1,829.6,64,1.5,1.6,45,27,7.6,1.624439471264966
376,2023-01-16 16:00:00,4.1,60,-2.9,1.2,0.0,1015.3,829.8,92,2.5,2.1,135,149,5.8,2.117138360759522
377,2023-01-16 17:00:00,3.4,66,-2.4,0.4,0.0,1015.9,829.9,51,3.8,3.7,139,151,7.9,2.330284604607146
378,2023-01-16 18:00:00,2.1,75,-1.9,-0.8,0.0,1016.5,829.6,33,4.0,3.8,117,131,7.9,2.471715948410178
379,2023-01-16 19:00:00,-0.9,84,-3.3,-4.2,0.0,1017.1,828.3,1,5.2,5.4,102,132,9.7,2.3458861748726507
380,2023-01-16 20:00:00,-2.5,88,-4.2,-6.0,0.0,1018.1,828.1,10,6.2,7.3,111,160,11.2,2.6676954896781813
381,2023-01-16 21:00:00,-2.7,90,-4.1,-6.3,0.0,1018.5,828.3,14,6.4,8.6,117,158,12.2,2.6820180419272823
382,2023-01-16 22:00:00,0.1,85,-2.1,-3.1,0.0,1019.1,830.5,3,5.8,7.9,120,183,12.2,2.6748655067323788
383,2023-01-16 23:00:00,0.4,84,-2.0,-3.2,0.0,1019.5,831.0,6,8.4,11.5,140,178,14.4,3.1329086564263386
384,2023-01-17 00:00:00,-0.4,88,-2.1,-4.3,0.0,1020.0,831.0,13,10.3,14.1,151,177,17.6,3.7693322741338733
385,2023-01-17 01:00:00,-2.1,94,-3.0,-6.2,0.0,1020.2,830.1,15,11.0,14.8,148,174,18.7,4.326610824927546
386,2023-01-17 02:00:00,-2.7,96,-3.2,-6.7,0.0,1020.3,829.8,23,10.0,13.8,139,173,18.7,4.726409176597748
387,2023-01-17 03:00:00,-3.3,93,-4.3,-7.6,0.0,1020.5,829.6,3,11.2,13.8,138,174,19.8,5.477631940145988
388,2023-01-17 04:00:00,-4.0,97,-4.5,-8.3,0.0,1020.2,828.9,1,10.9,13.4,134,175,18.7,5.665873805878819
389,2023-01-17 05:00:00,-4.1,97,-4.5,-8.6,0.0,1020.5,829.1,4,12.2,15.5,156,183,20.5,5.91634193360391
390,2023-01-17 06:00:00,-5.4,100,-5.4,-10.1,0.0,1021.0,828.7,2,12.9,17.0,162,186,21.6,5.873172934325264
391,2023-01-17 07:00:00,-6.3,100,-6.3,-11.2,0.0,1021.5,828.5,0,13.7,18.4,157,179,23.0,5.913637032318266
392,2023-01-17 08:00:00,-6.8,100,-6.8,-11.9,0.0,1022.1,828.7,1,14.8,19.8,162,178,25.2,6.083703138604146
393,2023-01-17 09:00:00,-5.5,99,-5.7,-10.4,0.0,1023.2,830.4,2,13.8,19.1,165,178,25.2,6.0566871659386115
394,2023-01-17 10:00:00,-0.5,90,-1.9,-4.0,0.0,1023.7,833.9,7,7.6,18.4,175,177,24.1,6.399608952458054
395,2023-01-17 11:00:00,1.4,87,-0.5,-2.2,0.0,1023.9,835.2,6,10.1,17.7,176,175,21.6,7.7171069886972
396,2023-01-17 12:00:00,1.9,85,-0.3,-1.7,0.0,1023.7,835.4,5,9.8,17.0,186,184,22.7,8.635236843072441
397,2023-01-17 13:00:00,2.2,83,-0.4,-1.3,0.0,1022.9,834.9,4,10.5,18.0,184,182,23.0,9.53398266686565
398,2023-01-17 14:00:00,2.5,82,-0.3,-1.3,0.0,1022.1,834.4,35,10.8,18.7,180,180,24.1,9.952404534546991
399,2023-01-17 15:00:00,3.6,79,0.3,-0.8,0.0,1021.4,834.5,30,15.9,21.7,175,174,24.5,12.404484510434289
400,2023-01-17 16:00:00,2.5,84,0.1,-1.1,0.0,1021.7,834.1,63,10.4,20.2,180,179,31.0,13.598006095718214
401,2023-01-17 17:00:00,1.7,89,0.1,-1.5,0.0,1021.9,833.8,12,7.6,18.9,175,172,24.1,14.824388035559885
402,2023-01-17 18:00:00,-1.2,93,-2.2,-5.4,0.0,1022.0,832.1,20,11.9,20.2,175,176,20.9,14.849266157397329
403,2023-01-17 19:00:00,-1.5,93,-2.4,-5.6,0.0,1022.7,832.5,41,11.3,20.9,171,176,22.3,14.769123087529529
404,2023-01-17 20:00:00,-0.6,94,-1.4,-4.3,0.0,1023.2,833.4,22,9.4,24.1,182,183,22.0,15.193982127237488
405,2023-01-17 21:00:00,-1.3,98,-1.6,-5.0,0.0,1024.0,833.6,24,9.1,23.3,189,188,22.0,16.195419870539183
406,2023-01-17 22:00:00,-1.3,99,-1.4,-5.0,0.0,1024.0,833.7,24,9.8,25.6,174,178,23.4,17.235389467905673
407,2023-01-17 23:00:00,-0.9,97,-1.3,-4.7,0.0,1024.2,834.1,69,10.5,27.0,174,177,25.2,19.05424729171979
408,2023-01-18 00:00:00,-0.6,96,-1.1,-4.5,0.0,1024.1,834.2,61,11.1,27.6,167,173,25.9,22.362204427528336
409,2023-01-18 01:00:00,-0.3,94,-1.2,-4.1,0.0,1023.9,834.2,58,10.7,26.4,166,174,26.3,23.94111021063869
410,2023-01-18 02:00:00,-1.1,95,-1.8,-4.9,0.0,1023.7,833.6,31,9.7,24.9,165,176,24.5,25.72436721586552
411,2023-01-18 03:00:00,-1.7,89,-3.2,-5.7,0.0,1023.9,833.3,23,9.9,25.5,161,172,22.0,29.49571264457015
412,2023-01-18 04:00:00,-2.1,89,-3.6,-6.1,0.0,1023.9,833.1,9,9.3,23.9,164,174,24.5,28.68694014108159
413,2023-01-18 05:00:00,-3.0,90,-4.4,-7.3,0.0,1023.6,832.3,8,11.0,23.1,157,169,22.3,27.59163817734425
414,2023-01-18 06:00:00,-4.2,93,-5.2,-9.0,0.0,1024.1,831.9,5,13.5,22.1,164,174,24.1,25.781818714666073
415,2023-01-18 07:00:00,-5.1,97,-5.5,-9.9,0.0,1024.6,831.8,16,13.9,19.8,159,177,24.5,25.19527033590644
416,2023-01-18 08:00:00,-2.7,96,-3.3,-6.8,0.0,1025.3,833.8,10,10.6,15.5,145,177,23.8,23.126519226564103
417,2023-01-18 09:00:00,-3.1,95,-3.8,-7.2,0.0,1025.5,833.8,3,10.2,14.1,135,167,18.0,23.641315001112357
418,2023-01-18 10:00:00,-0.5,92,-1.7,-4.0,0.0,1025.6,835.4,7,7.4,14.8,157,166,18.4,24.1807016179213
419,2023-01-18 11:00:00,1.5,86,-0.7,-1.7,0.0,1025.9,836.9,2,6.5,13.8,177,174,16.2,22.600711465443336
420,2023-01-18 12:00:00,2.3,82,-0.4,-0.8,0.0,1025.7,837.3,10,6.9,13.0,186,185,16.6,22.079261974044485
421,2023-01-18 13:00:00,4.0,71,-0.7,0.3,0.0,1024.8,837.6,10,10.9,13.4,188,186,16.9,22.013446115150238
422,2023-01-18 14:00:00,4.3,70,-0.7,0.4,0.0,1024.2,837.2,43,11.5,14.4,180,179,25.6,22.05459363851747
423,2023-01-18 15:00:00,5.0,57,-2.9,0.7,0.0,1022.8,836.5,9,12.2,15.5,182,180,24.8,22.19377307240882
424,2023-01-18 16:00:00,5.2,59,-2.3,0.8,0.0,1022.4,836.3,8,13.1,17.1,172,172,25.9,22.3362529384211
425,2023-01-18 17:00:00,4.2,67,-1.3,0.2,0.0,1022.8,836.0,18,11.5,17.6,180,179,25.9,22.17803602965223
426,2023-01-18 18:00:00,1.0,85,-1.2,-2.4,0.0,1022.9,834.2,16,8.0,18.4,170,182,21.2,22.455626059620702
427,2023-01-18 19:00:00,0.1,88,-1.6,-3.7,0.0,1023.6,834.2,5,10.2,17.6,170,181,17.6,22.699590253404452
428,2023-01-18 20:00:00,-0.5,92,-1.7,-4.4,0.0,1024.4,834.5,0,10.9,16.7,153,174,18.0,23.65319017520287
429,2023-01-18 21:00:00,-0.4,94,-1.2,-4.0,0.0,1024.9,835.0,0,9.2,16.7,135,161,18.0,23.133430260055082
430,2023-01-18 22:00:00,-0.5,96,-1.0,-3.9,0.0,1025.2,835.1,0,7.9,16.5,129,160,16.9,21.726323525826153
431,2023-01-18 23:00:00,-0.9,97,-1.3,-4.5,0.0,1025.3,835.0,0,8.9,16.6,133,162,17.3,20.412247485908203
432,2023-01-19 00:00:00,-1.2,98,-1.5,-5.0,0.0,1025.5,834.9,12,9.7,17.7,138,163,18.4,19.241541232059834
433,2023-01-19 01:00:00,-1.3,97,-1.7,-5.1,0.0,1025.3,834.7,0,9.8,17.3,144,168,18.4,19.718361226602823
434,2023-01-19 02:00:00,-1.5,97,-1.8,-5.2,0.0,1025.3,834.6,0,9.6,16.5,146,170,18.4,19.33479006072728
435,2023-01-19 03:00:00,-3.4,96,-3.9,-7.0,0.0,1023.6,832.0,71,6.5,5.4,87,94,19.1,11.962786519152246
436,2023-01-19 04:00:00,-2.5,96,-3.0,-6.0,0.0,1023.2,832.2,75,6.6,6.6,81,103,14.8,9.410446897989635
437,2023-01-19 05:00:00,-2.7,89,-4.2,-6.1,0.0,1022.9,831.9,45,5.1,5.2,82,106,14.4,7.18302182309809
438,2023-01-19 06:00:00,-2.5,81,-5.3,-5.8,0.0,1022.6,831.8,15,3.7,3.8,79,107,12.2,6.041498356732377
439,2023-01-19 07:00:00,-2.1,72,-6.4,-5.5,0.0,1023.0,832.4,5,3.3,4.0,84,90,9.7,5.075915530787867
440,2023-01-19 08:00:00,-2.0,66,-7.5,-5.6,0.0,1023.6,832.9,2,4.0,4.4,90,99,9.0,4.404647312956017
441,2023-01-19 09:00:00,0.7,57,-6.8,-2.9,0.0,1024.2,835.1,0,4.5,5.8,104,120,9.0,3.621149620630915
442,2023-01-19 10:00:00,4.1,55,-4.0,0.4,0.0,1024.6,837.4,0,7.2,8.2,143,142,14.0,3.362840454952671
443,2023-01-19 11:00:00,5.6,58,-2.0,2.1,0.0,1025.2,838.8,0,8.0,11.0,172,157,18.4,3.644335695700716
444,2023-01-19 12:00:00,6.3,58,-1.3,2.7,0.0,1025.0,839.1,1,9.0,11.0,178,169,21.2,3.8138615885675455
445,2023-01-19 13:00:00,7.0,54,-1.6,3.6,0.0,1024.0,838.7,12,9.0,10.8,182,176,21.6,4.162572011171313
446,2023-01-19 14:00:00,7.4,52,-1.7,3.8,0.0,1023.1,838.1,19,9.4,11.5,184,178,22.3,4.359338908822232
447,2023-01-19 15:00:00,8.1,54,-0.7,5.0,0.0,1022.3,837.9,0,6.6,7.6,202,199,22.3,4.151342805764206
448,2023-01-19 16:00:00,7.7,56,-0.5,4.4,0.0,1022.4,837.7,0,7.3,8.3,191,185,16.9,4.041052111420374
449,2023-01-19 17:00:00,6.0,65,-0.1,3.2,0.0,1022.4,836.8,0,5.0,8.8,180,168,16.2,4.114509483492568
450,2023-01-19 18:00:00,1.4,84,-1.0,-2.2,0.0,1022.2,833.9,0,9.3,12.7,126,155,15.1,4.304689369889553
451,2023-01-19 19:00:00,0.3,85,-1.9,-3.4,0.0,1022.2,833.2,0,9.0,11.8,119,153,15.8,4.009608120199405
452,2023-01-19 20:00:00,1.4,80,-1.6,-2.2,0.0,1022.3,833.9,0,8.3,10.6,124,162,15.5,4.343433854823373
453,2023-01-19 21:00:00,1.4,76,-2.4,-2.3,0.0,1022.0,833.7,0,8.4,9.7,121,158,14.0,4.5377825305576405
454,2023-01-19 22:00:00,0.4,75,-3.6,-3.6,0.0,1022.0,833.1,4,9.5,11.4,119,162,15.8,4.857480622546364
455,2023-01-19 23:00:00,1.0,71,-3.7,-3.0,0.0,1021.8,833.3,8,9.3,12.2,126,161,16.2,5.619466035093024
456,2023-01-20 00:00:00,-0.1,74,-4.2,-4.3,0.0,1021.8,832.6,7,10.9,14.5,134,161,18.7,6.365361690114134
457,2023-01-20 01:00:00,-0.1,73,-4.4,-4.3,0.0,1021.6,832.5,10,10.8,15.1,143,162,19.1,6.619543375278548
458,2023-01-20 02:00:00,-1.0,74,-5.1,-5.6,0.0,1021.3,831.6,5,12.1,16.5,150,164,21.2,7.467184694615032
459,2023-01-20 03:00:00,-2.1,67,-7.4,-7.1,0.0,1021.1,830.8,8,13.8,19.1,147,158,22.7,8.814190476365555
460,2023-01-20 04:00:00,-1.7,72,-6.1,-6.2,0.0,1020.9,830.9,9,10.9,18.4,153,168,25.2,9.829255320023929
461,2023-01-20 05:00:00,-2.2,78,-5.5,-6.8,0.0,1020.7,830.4,7,12.2,19.2,152,174,23.8,10.432719520470057
462,2023-01-20 06:00:00,-2.1,81,-4.9,-6.6,0.0,1020.2,830.1,0,12.4,21.6,154,177,24.5,11.9057281996166
463,2023-01-20 07:00:00,-1.4,79,-4.7,-5.7,0.0,1019.9,830.2,0,10.6,24.3,156,174,24.5,13.834085644235628
464,2023-01-20 08:00:00,-1.4,76,-5.1,-5.7,0.0,1020.1,830.4,0,10.3,23.8,151,170,24.1,15.665069113328999
465,2023-01-20 09:00:00,1.5,64,-4.6,-2.6,0.0,1020.4,832.5,0,9.5,23.4,155,170,23.8,18.426678596304033
466,2023-01-20 10:00:00,3.6,58,-3.9,-1.2,0.0,1020.5,833.8,0,14.6,24.7,171,172,29.9,19.95250839475357
467,2023-01-20 11:00:00,4.9,52,-4.0,0.0,0.0,1019.9,834.1,0,15.9,25.4,184,173,34.2,20.965955486235664
468,2023-01-20 12:00:00,5.4,51,-3.9,0.1,0.0,1019.5,834.0,0,18.0,23.9,192,187,38.2,23.1223726461107
469,2023-01-20 13:00:00,5.8,50,-3.7,0.6,0.0,1018.7,833.6,0,18.6,24.4,195,193,38.9,25.583172657795817
470,2023-01-20 14:00:00,6.4,50,-3.3,1.0,0.0,1017.7,833.1,0,20.7,27.2,187,186,42.8,28.222752238235632
471,2023-01-20 15:00:00,6.2,56,-2.0,1.1,0.0,1017.2,832.6,0,18.3,24.4,190,188,44.6,28.72735577118622
472,2023-01-20 16:00:00,6.0,56,-2.0,0.8,0.0,1016.9,832.3,0,19.1,25.9,180,178,39.2,27.874964191553204
473,2023-01-20 17:00:00,4.8,63,-1.7,-0.1,0.0,1017.0,831.6,0,17.7,29.0,176,173,39.2,28.59545488180754
474,2023-01-20 18:00:00,2.5,74,-1.6,-1.8,0.0,1017.3,830.5,0,13.8,29.6,174,175,37.4,29.211592300200092
475,2023-01-20 19:00:00,1.7,79,-1.5,-2.6,0.0,1018.0,830.6,0,13.7,29.9,175,181,33.1,31.53956617136256
476,2023-01-20 20:00:00,1.2,80,-1.9,-3.2,0.0,1018.7,830.9,0,13.4,29.9,175,181,32.8,32.34252809537621
477,2023-01-20 21:00:00,0.7,78,-2.6,-3.6,0.0,1019.1,830.9,0,12.8,29.3,170,175,32.4,32.24483821789319
478,2023-01-20 22:00:00,0.4,77,-3.1,-3.9,0.0,1019.4,830.9,0,11.7,28.1,169,177,31.0,31.37541238941919
479,2023-01-20 23:00:00,0.1,76,-3.6,-4.1,0.0,1019.6,831.0,0,11.2,27.4,165,175,28.8,31.950050780059694
480,2023-01-21 00:00:00,-0.3,76,-4.0,-4.4,0.0,1019.7,830.8,0,10.4,26.3,166,178,27.7,35.09745870608849
481,2023-01-21 01:00:00,-1.1,79,-4.4,-5.1,0.0,1020.2,830.7,0,9.0,24.1,164,180,25.6,35.38582770256955
482,2023-01-21 02:00:00,-1.7,80,-4.7,-5.8,0.0,1020.4,830.5,0,9.3,22.4,164,184,22.7,35.07858722317068
483,2023-01-21 03:00:00,-2.1,75,-6.0,-6.6,0.0,1021.1,830.8,0,11.2,14.8,147,183,21.6,30.961775565200654
484,2023-01-21 04:00:00,-2.7,80,-5.8,-7.1,0.0,1020.9,830.3,0,10.4,14.4,136,181,19.8,29.03624297744731
485,2023-01-21 05:00:00,-2.9,79,-6.0,-7.1,0.0,1021.1,830.3,0,8.7,10.9,114,153,18.7,23.814361023724736
486,2023-01-21 06:00:00,-3.0,78,-6.3,-7.4,0.0,1020.7,829.9,0,9.9,13.8,123,147,17.6,21.816922427437667
487,2023-01-21 07:00:00,-1.5,70,-6.3,-5.5,0.0,1020.8,830.9,0,7.7,10.8,131,165,17.6,22.069442027712075
488,2023-01-21 08:00:00,-0.3,64,-6.2,-4.1,0.0,1021.3,832.1,0,6.1,8.1,118,148,14.0,15.85857126849402
489,2023-01-21 09:00:00,0.8,69,-4.3,-2.6,0.0,1021.6,833.0,0,4.7,8.6,94,112,11.9,11.558642945481825
490,2023-01-21 10:00:00,3.7,55,-4.6,0.2,0.0,1021.5,834.7,0,5.9,9.8,101,107,13.7,8.992511898335662
491,2023-01-21 11:00:00,5.3,43,-6.3,1.6,0.0,1021.3,835.4,0,5.6,7.3,130,123,15.5,7.282089589474619
492,2023-01-21 12:00:00,5.9,42,-6.2,2.3,0.0,1020.5,835.2,0,5.2,6.3,155,149,16.2,6.6311715625338215
493,2023-01-21 13:00:00,6.4,46,-4.5,3.0,0.0,1019.9,834.9,0,6.5,7.6,186,183,17.6,6.396304107737554
494,2023-01-21 14:00:00,6.3,50,-3.5,2.5,0.0,1019.6,834.7,0,9.9,11.4,199,198,22.7,6.784484659150787
495,2023-01-21 15:00:00,6.7,41,-5.8,2.9,0.0,1019.4,834.7,0,6.2,7.4,216,219,23.0,6.100183527998635
496,2023-01-21 16:00:00,6.2,49,-3.9,2.8,0.0,1019.7,834.7,0,5.3,6.3,208,211,15.8,5.4204895283677805
497,2023-01-21 17:00:00,5.0,59,-2.4,2.1,0.0,1020.1,834.3,0,2.7,5.0,203,210,13.3,5.491082380432605
498,2023-01-21 18:00:00,3.9,58,-3.7,1.1,0.0,1020.5,833.9,0,0.8,1.8,63,217,7.6,5.058126626580608
499,2023-01-21 19:00:00,-0.6,75,-4.6,-4.0,0.0,1020.9,831.6,0,4.3,1.1,42,90,9.4,4.349054805125169
500,2023-01-21 20:00:00,-1.3,76,-5.0,-4.8,0.0,1021.4,831.6,4,5.0,4.4,69,125,11.2,3.6053879697975937
501,2023-01-21 21:00:00,-1.8,80,-4.7,-5.3,0.0,1021.8,831.6,2,5.8,11.8,86,128,14.8,2.8824253056622524
502,2023-01-21 22:00:00,-2.0,82,-4.7,-5.6,0.0,1022.3,831.9,0,6.1,15.3,93,133,15.8,2.79365252173774
503,2023-01-21 23:00:00,-2.1,79,-5.3,-5.9,0.0,1022.5,831.9,0,6.6,13.8,99,141,15.8,2.737270277118422
504,2023-01-22 00:00:00,-2.5,75,-6.2,-6.4,0.0,1022.8,832.0,0,7.0,11.1,102,151,15.1,2.966919841909828
505,2023-01-22 01:00:00,-2.7,76,-6.4,-6.7,0.0,1022.9,831.9,0,7.3,9.1,101,146,14.0,2.7286816977629327
506,2023-01-22 02:00:00,-2.9,76,-6.5,-7.0,0.0,1022.8,831.7,0,7.6,8.3,95,146,13.7,2.594915594699541
507,2023-01-22 03:00:00,-3.4,73,-7.6,-7.6,0.0,1021.8,830.6,4,8.3,11.3,88,112,13.7,2.356800759298976
508,2023-01-22 04:00:00,-2.8,67,-8.0,-6.7,0.0,1021.6,830.8,19,5.8,10.2,83,100,16.9,2.376427525871607
509,2023-01-22 05:00:00,-3.2,67,-8.5,-7.1,0.0,1021.4,830.4,23,5.5,10.1,79,90,15.1,2.383707723751954
510,2023-01-22 06:00:00,-3.3,64,-9.1,-7.1,0.0,1021.1,830.1,9,4.7,9.2,81,101,15.1,2.369385171502853
511,2023-01-22 07:00:00,-3.4,66,-8.7,-7.1,0.0,1021.3,830.2,1,4.0,5.8,85,120,13.7,2.220399885973603
512,2023-01-22 08:00:00,-3.3,69,-8.2,-7.0,0.0,1021.6,830.4,0,4.0,4.7,80,90,11.2,1.9379990119470196
513,2023-01-22 09:00:00,0.1,55,-8.0,-3.6,0.0,1022.3,833.1,0,4.0,5.9,80,76,11.2,1.6217967183178854
514,2023-01-22 10:00:00,3.8,53,-5.0,0.2,0.0,1022.9,835.8,0,5.4,5.9,98,101,13.3,1.5808116264675436
515,2023-01-22 11:00:00,5.4,38,-8.0,1.7,0.0,1022.7,836.6,0,4.3,5.1,138,135,13.3,1.8248393350164975
516,2023-01-22 12:00:00,6.0,38,-7.3,2.4,0.0,1022.2,836.6,0,4.3,5.1,180,176,14.4,2.277647830267413
517,2023-01-22 13:00:00,6.5,39,-6.5,3.0,0.0,1021.3,836.1,0,5.8,6.5,202,199,16.6,2.5518257239698032
518,2023-01-22 14:00:00,6.8,39,-6.1,3.2,0.0,1020.7,835.8,0,6.5,7.5,214,215,17.6,2.6036081771573976
519,2023-01-22 15:00:00,7.2,29,-9.8,3.7,0.0,1020.2,835.6,0,1.9,2.4,248,243,17.6,2.4677817753716513
520,2023-01-22 16:00:00,6.9,32,-8.6,3.3,0.0,1020.6,835.8,0,2.8,3.8,230,229,10.4,2.5817649167168764
521,2023-01-22 17:00:00,5.9,35,-8.5,2.7,0.0,1021.0,835.6,0,0.5,1.1,45,252,9.4,2.4044246151146975
522,2023-01-22 18:00:00,0.1,58,-7.1,-3.9,0.0,1021.4,832.4,0,7.1,6.1,30,28,11.9,2.3817109912507353
523,2023-01-22 19:00:00,-0.1,59,-7.1,-4.1,0.0,1022.0,832.8,0,7.2,11.5,37,41,16.2,2.4524973011039464
524,2023-01-22 20:00:00,-1.2,63,-7.3,-5.2,0.0,1022.1,832.2,0,6.6,9.9,49,44,16.2,2.362104973622506
525,2023-01-22 21:00:00,-1.9,65,-7.5,-5.8,0.0,1022.3,831.9,0,6.1,8.2,62,49,15.5,2.362104973622506
526,2023-01-22 22:00:00,-2.1,67,-7.4,-5.9,0.0,1022.3,831.8,0,5.4,6.3,70,66,14.0,2.362104973622506
527,2023-01-22 23:00:00,-2.2,70,-6.9,-6.0,0.0,1022.2,831.7,0,5.6,6.1,75,87,12.6,2.3160964277785734
528,2023-01-23 00:00:00,-2.4,73,-6.6,-6.3,0.0,1022.1,831.4,0,6.3,5.1,77,98,13.0,2.3160964277785734
529,2023-01-23 01:00:00,-2.6,73,-6.8,-6.4,0.0,1022.1,831.3,0,5.9,5.0,79,90,12.6,2.3160964277785734
530,2023-01-23 02:00:00,-2.8,73,-6.9,-6.5,0.0,1022.0,831.1,0,5.2,4.8,78,77,11.9,2.3160964277785734
531,2023-01-23 03:00:00,-3.4,73,-7.6,-7.3,0.0,1022.2,830.9,0,6.5,6.2,84,100,11.2,2.3120087349621383
532,2023-01-23 04:00:00,-3.5,69,-8.3,-7.3,0.0,1022.5,831.1,0,4.7,5.1,81,82,12.6,2.2660001891182056
533,2023-01-23 05:00:00,-3.4,66,-8.9,-7.3,0.0,1022.5,831.1,0,4.9,6.0,73,57,11.2,1.9252848876851059
534,2023-01-23 06:00:00,-3.0,62,-9.3,-6.9,0.0,1022.7,831.5,0,5.0,9.7,69,42,13.0,1.8823430006418784
535,2023-01-23 07:00:00,-3.3,61,-9.8,-7.5,0.0,1023.0,831.6,0,6.6,11.9,68,55,16.6,1.907120764651157
536,2023-01-23 08:00:00,-3.9,61,-10.3,-8.2,0.0,1023.4,831.5,0,7.3,11.8,70,67,18.0,1.708101352982892
537,2023-01-23 09:00:00,-1.6,52,-10.1,-6.3,0.0,1023.6,833.1,0,9.7,10.9,68,63,19.4,1.5652430170782319
538,2023-01-23 10:00:00,3.7,38,-9.4,-0.8,0.0,1024.3,837.0,0,8.9,12.0,47,49,19.4,1.791777002409336
539,2023-01-23 11:00:00,5.6,32,-9.8,1.2,0.0,1024.4,838.1,0,7.8,9.5,22,25,19.1,2.2836950311533486
540,2023-01-23 12:00:00,6.2,36,-7.7,2.2,0.0,1023.8,838.0,0,6.1,7.3,3,9,19.1,2.338495700670737
541,2023-01-23 13:00:00,6.7,38,-6.7,3.2,0.0,1022.8,837.5,0,5.6,6.6,345,347,17.3,2.6616582622318417
542,2023-01-23 14:00:00,6.9,39,-6.0,3.3,0.0,1022.3,837.2,0,6.8,8.1,342,339,18.4,2.58223844530688
543,2023-01-23 15:00:00,6.7,38,-6.8,2.2,0.0,1022.3,837.1,0,10.4,13.0,2,2,20.9,2.883843868982071
544,2023-01-23 16:00:00,6.0,38,-7.4,1.1,0.0,1022.7,837.0,0,12.8,16.5,16,16,27.7,3.3629255096824053
545,2023-01-23 17:00:00,4.3,44,-7.0,-0.4,0.0,1023.3,836.5,0,12.1,20.3,23,23,29.5,4.116098372688266
546,2023-01-23 18:00:00,0.9,57,-6.6,-3.4,0.0,1023.9,834.9,0,9.4,22.4,32,30,27.0,4.409867766665747
547,2023-01-23 19:00:00,-0.4,62,-6.8,-5.0,0.0,1024.4,834.5,0,10.9,23.7,34,33,26.6,4.4538773925104564
548,2023-01-23 20:00:00,-1.0,65,-6.7,-5.6,0.0,1024.8,834.5,0,11.1,22.5,36,32,27.0,4.4538773925104564
549,2023-01-23 21:00:00,-1.2,68,-6.4,-5.7,0.0,1025.3,834.8,0,10.5,21.3,41,34,27.0,4.256608026070797
550,2023-01-23 22:00:00,-1.3,70,-6.2,-5.6,0.0,1025.7,835.0,0,9.7,20.2,45,35,25.2,4.118060017885486
551,2023-01-23 23:00:00,-1.6,71,-6.1,-5.8,0.0,1025.7,834.9,0,9.2,19.3,48,37,23.8,4.037916948017686
552,2023-01-24 00:00:00,-1.9,72,-6.2,-6.1,0.0,1025.8,834.7,0,8.7,18.7,52,40,22.7,3.940415357695494
553,2023-01-24 01:00:00,-2.3,73,-6.5,-6.4,0.0,1025.8,834.5,0,8.2,17.7,52,39,22.0,3.874668932450185
554,2023-01-24 02:00:00,-2.4,72,-6.7,-6.5,0.0,1025.7,834.4,0,7.9,17.0,51,36,20.5,3.608085588951609
555,2023-01-24 03:00:00,-2.4,71,-6.9,-6.5,0.0,1025.5,834.2,0,8.2,17.7,41,29,20.5,3.1943772861500284
556,2023-01-24 04:00:00,-2.2,70,-7.0,-6.5,0.0,1025.6,834.4,0,8.9,18.4,43,31,21.6,3.009097145871196
557,2023-01-24 05:00:00,-2.6,72,-7.0,-6.8,0.0,1025.6,834.1,0,8.4,18.0,47,33,21.6,2.8792469370722436
558,2023-01-24 06:00:00,-2.9,73,-7.1,-7.0,0.0,1025.7,834.1,0,7.9,17.2,43,29,20.9,2.87773147231323
559,2023-01-24 07:00:00,-2.9,73,-7.1,-7.1,0.0,1025.7,834.1,0,8.4,18.2,43,30,20.9,2.8792469370722436
560,2023-01-24 08:00:00,-2.9,73,-7.0,-7.1,0.0,1026.3,834.6,0,8.7,19.2,42,30,22.0,3.0619364239145885
561,2023-01-24 09:00:00,-0.5,63,-6.7,-5.3,0.0,1026.7,836.3,0,12.3,19.7,38,31,25.6,3.259279844039537
562,2023-01-24 10:00:00,2.3,55,-5.8,-2.2,0.0,1026.8,838.1,0,10.9,18.0,27,29,27.0,3.6593821309025345
563,2023-01-24 11:00:00,3.8,48,-6.1,-0.8,0.0,1026.2,838.5,0,11.6,15.3,16,19,27.0,3.5691956717113555
564,2023-01-24 12:00:00,4.8,46,-5.9,0.3,0.0,1025.1,838.2,0,11.3,14.3,7,10,27.4,3.5929440436628113
565,2023-01-24 13:00:00,5.5,44,-5.9,1.1,0.0,1023.9,837.7,0,11.9,14.8,360,3,28.1,3.8892475902871677
566,2023-01-24 14:00:00,5.8,41,-6.5,1.1,0.0,1023.0,837.1,0,13.3,16.6,3,4,30.2,4.69145538719559
567,2023-01-24 15:00:00,5.2,42,-6.8,-0.2,0.0,1022.8,836.6,0,16.5,21.3,11,12,31.7,6.3724840643004255
568,2023-01-24 16:00:00,4.7,43,-6.7,-0.6,0.0,1022.7,836.3,0,16.4,21.7,15,15,36.4,7.712803797754556
569,2023-01-24 17:00:00,3.5,49,-6.1,-1.2,0.0,1023.0,835.8,0,12.9,20.3,13,13,34.9,7.856978869247451
570,2023-01-24 18:00:00,0.4,63,-5.8,-4.0,0.0,1023.5,834.3,0,10.2,23.7,18,14,28.4,8.662392363722567
571,2023-01-24 19:00:00,-1.0,69,-6.0,-5.7,0.0,1024.0,833.9,0,12.6,26.8,27,24,29.9,9.530081242543988
572,2023-01-24 20:00:00,-1.6,73,-5.9,-6.4,0.0,1024.6,833.9,0,13.2,27.6,35,29,31.3,10.086467606452121
573,2023-01-24 21:00:00,-1.7,74,-5.7,-6.5,0.0,1024.5,833.8,0,13.3,28.1,41,33,32.0,11.334451636428051
574,2023-01-24 22:00:00,-1.9,76,-5.6,-6.5,0.0,1024.6,833.8,0,12.5,26.3,44,36,31.7,11.280632054795694
575,2023-01-24 23:00:00,-2.0,76,-5.6,-6.4,0.0,1024.9,833.9,0,10.9,23.0,44,35,29.5,10.651196535437075
576,2023-01-25 00:00:00,-2.1,77,-5.6,-6.3,0.0,1024.8,833.8,0,9.8,21.0,36,31,26.3,9.871975232963422
577,2023-01-25 01:00:00,-2.1,77,-5.6,-6.3,0.0,1024.8,833.8,0,9.3,20.5,28,22,24.1,9.609379518535386
578,2023-01-25 02:00:00,-2.2,78,-5.6,-6.5,0.0,1024.4,833.4,0,9.7,21.3,27,19,24.1,8.952615482701411
579,2023-01-25 03:00:00,-3.0,79,-6.2,-7.0,0.0,1024.0,832.6,0,7.7,17.6,37,28,23.8,7.68047872934923
580,2023-01-25 04:00:00,-3.2,79,-6.4,-7.2,0.0,1023.7,832.2,0,7.4,16.3,43,31,19.8,6.656859068887762
581,2023-01-25 05:00:00,-3.5,80,-6.5,-7.5,0.0,1023.5,831.9,0,7.1,15.9,41,25,19.1,5.915597319091388
582,2023-01-25 06:00:00,-3.4,80,-6.4,-7.6,0.0,1023.5,831.9,0,8.8,19.1,35,20,22.0,5.662116286031468
583,2023-01-25 07:00:00,-3.5,80,-6.4,-7.7,0.0,1023.8,832.1,0,9.1,20.1,34,21,23.0,5.408853199707101
584,2023-01-25 08:00:00,-3.6,81,-6.4,-7.8,0.0,1024.0,832.2,0,9.3,20.3,36,23,23.4,5.364190887428299
585,2023-01-25 09:00:00,-1.5,72,-5.9,-6.3,0.0,1024.3,833.8,0,13.2,20.3,29,23,26.6,5.5553269818400075
586,2023-01-25 10:00:00,1.2,59,-5.8,-3.3,0.0,1024.5,835.6,4,11.7,18.1,18,21,27.4,5.756657053692963
587,2023-01-25 11:00:00,2.6,52,-6.2,-2.2,0.0,1024.0,836.1,2,13.2,16.9,11,12,29.9,6.057584877578775
588,2023-01-25 12:00:00,3.4,51,-5.7,-1.4,0.0,1023.3,836.0,0,13.5,17.2,9,11,31.0,6.491851929126493
589,2023-01-25 13:00:00,3.9,49,-5.8,-0.7,0.0,1022.3,835.4,0,13.8,17.5,7,8,31.7,7.441841681269777
590,2023-01-25 14:00:00,4.1,48,-6.0,-0.5,0.0,1021.5,834.9,0,13.5,17.2,9,10,31.7,7.736253015188747
591,2023-01-25 15:00:00,3.8,48,-6.2,-1.4,0.0,1021.4,834.7,0,15.9,20.4,13,14,31.3,8.754034101657117
592,2023-01-25 16:00:00,3.3,53,-5.3,-1.8,0.0,1021.4,834.4,0,15.8,20.8,17,18,34.9,9.535038925116096
593,2023-01-25 17:00:00,2.1,60,-4.8,-2.8,0.0,1021.7,833.9,0,15.3,21.4,24,25,34.9,9.428564256250354
594,2023-01-25 18:00:00,-0.6,75,-4.4,-5.0,0.0,1022.4,832.8,0,11.8,25.6,27,29,32.8,9.457509514349454
595,2023-01-25 19:00:00,-2.0,83,-4.5,-6.6,0.0,1022.9,832.3,0,12.9,27.5,30,32,31.0,9.329689652863832
596,2023-01-25 20:00:00,-2.4,85,-4.5,-7.0,0.0,1023.4,832.5,0,13.0,26.9,34,32,31.0,9.113360824547604
597,2023-01-25 21:00:00,-2.4,85,-4.5,-6.9,0.0,1023.9,832.9,0,12.5,25.8,33,30,31.0,8.92591792883534
598,2023-01-25 22:00:00,-2.8,88,-4.5,-7.3,0.0,1024.3,833.0,0,12.4,24.7,36,34,29.5,8.912479087182495
599,2023-01-25 23:00:00,-3.4,91,-4.6,-7.7,0.0,1024.5,832.8,0,11.3,22.9,37,37,28.8,8.474955122779624
600,2023-01-26 00:00:00,-3.7,93,-4.6,-8.0,0.0,1024.7,832.7,0,10.8,21.7,37,36,27.0,8.515667098720272
601,2023-01-26 01:00:00,-3.9,95,-4.6,-8.1,0.0,1024.6,832.5,0,10.5,20.8,38,37,25.6,7.9870945049159445
602,2023-01-26 02:00:00,-4.0,95,-4.8,-8.2,0.0,1024.1,832.0,0,9.7,19.4,48,47,24.8,7.1805473254847625
603,2023-01-26 03:00:00,-4.3,93,-5.3,-8.4,0.0,1023.4,831.3,0,9.2,17.6,45,47,22.7,6.655159314369847
604,2023-01-26 04:00:00,-4.4,91,-5.7,-8.7,0.0,1022.2,830.2,0,10.0,17.9,49,50,22.7,6.205872114157603
605,2023-01-26 05:00:00,-4.5,87,-6.3,-8.7,0.0,1021.6,829.7,0,9.3,15.2,54,59,22.7,5.0640544397245835
606,2023-01-26 06:00:00,-4.8,85,-7.0,-8.8,0.0,1021.3,829.3,3,7.2,11.0,53,67,20.5,4.198053976495941
607,2023-01-26 07:00:00,-5.0,83,-7.4,-8.9,0.0,1021.1,829.0,16,6.0,8.2,57,75,16.6,3.39985187687853
608,2023-01-26 08:00:00,-4.9,80,-7.8,-8.7,0.0,1021.2,829.1,2,4.7,6.2,67,100,15.5,2.727125438947272
609,2023-01-26 09:00:00,-1.8,67,-7.1,-5.7,0.0,1021.4,831.2,0,5.9,5.8,79,120,12.6,2.5630502786177085
610,2023-01-26 10:00:00,2.7,48,-7.3,-0.9,0.0,1021.8,834.3,0,3.8,6.2,131,144,12.6,2.627773462560809
611,2023-01-26 11:00:00,4.2,42,-7.6,0.4,0.0,1021.5,834.9,0,5.3,5.8,208,210,15.5,2.5817649167168764
612,2023-01-26 12:00:00,5.1,41,-7.1,1.3,0.0,1020.6,834.7,10,5.7,6.2,215,216,16.2,2.627773462560809
613,2023-01-26 13:00:00,5.4,39,-7.3,1.4,0.0,1020.3,834.7,70,8.9,10.2,243,247,22.0,2.8193568023496525
614,2023-01-26 14:00:00,6.0,36,-8.0,2.2,0.0,1019.1,834.1,90,5.2,5.8,258,266,21.2,2.7774420265983513
615,2023-01-26 15:00:00,5.7,39,-7.3,1.9,0.0,1019.1,833.9,31,5.9,6.4,218,218,15.8,2.9337121779278466
616,2023-01-26 16:00:00,5.7,40,-7.0,2.0,0.0,1019.0,833.8,1,5.0,5.6,240,243,14.0,2.8771026156944752
617,2023-01-26 17:00:00,4.5,59,-2.9,1.6,0.0,1019.4,833.4,0,2.3,2.9,252,263,12.6,2.8298068812960255
618,2023-01-26 18:00:00,3.8,48,-6.3,0.7,0.0,1019.2,832.8,0,1.3,2.9,56,30,8.3,2.6997623140922964
619,2023-01-26 19:00:00,-0.4,65,-6.3,-4.0,0.0,1019.8,830.8,24,4.9,2.3,73,39,10.4,2.622035143145611
620,2023-01-26 20:00:00,-1.7,71,-6.4,-5.5,0.0,1020.1,830.2,87,6.1,5.4,87,110,12.6,2.3376991779080214
621,2023-01-26 21:00:00,-1.2,67,-6.5,-5.1,0.0,1020.7,831.0,86,6.4,8.3,106,146,12.2,2.482306807671925
622,2023-01-26 22:00:00,-1.1,66,-6.6,-5.2,0.0,1020.6,831.0,51,7.9,9.9,106,136,14.0,2.7043783974948523
623,2023-01-26 23:00:00,-1.4,67,-6.7,-5.6,0.0,1020.3,830.6,90,8.8,14.2,125,159,15.8,4.595173589212569
624,2023-01-27 00:00:00,-0.4,64,-6.3,-4.3,0.0,1020.8,831.6,52,6.9,15.6,137,165,16.6,5.064682427872738
625,2023-01-27 01:00:00,-1.2,69,-6.1,-5.3,0.0,1020.8,831.1,18,8.6,18.6,147,170,18.4,6.131466226773111
626,2023-01-27 02:00:00,-1.1,70,-6.0,-5.2,0.0,1020.1,830.6,0,8.3,21.8,146,164,19.4,7.607291444616629
627,2023-01-27 03:00:00,-1.0,65,-6.9,-5.3,0.0,1019.6,830.2,2,9.2,23.0,132,160,19.8,9.734615142460056
628,2023-01-27 04:00:00,-1.2,63,-7.3,-5.7,0.0,1019.9,830.4,12,9.8,24.5,144,160,23.4,11.392131635353536
629,2023-01-27 05:00:00,-1.1,59,-8.0,-5.7,0.0,1019.3,829.9,63,10.1,25.1,153,167,25.2,15.695784251720552
630,2023-01-27 06:00:00,0.0,52,-8.7,-4.7,0.0,1019.0,830.4,82,10.8,26.3,150,161,26.6,18.352047085408454
631,2023-01-27 07:00:00,0.3,49,-9.2,-4.5,0.0,1019.3,830.8,68,10.8,25.5,159,171,28.1,20.731890996725266
632,2023-01-27 08:00:00,-0.2,49,-9.6,-5.2,0.0,1019.4,830.6,34,12.3,27.6,148,156,30.2,22.095974127815648
633,2023-01-27 09:00:00,0.7,45,-10.0,-5.1,0.0,1019.6,831.3,32,17.2,29.6,164,167,36.4,23.218263790552196
634,2023-01-27 10:00:00,2.0,44,-9.0,-3.9,0.0,1019.8,832.3,63,18.8,31.5,177,169,41.0,27.14769349040202
635,2023-01-27 11:00:00,3.1,41,-9.0,-3.1,0.0,1018.5,831.9,52,21.0,30.5,167,163,45.4,31.968084250829364
636,2023-01-27 12:00:00,3.8,42,-8.0,-3.2,0.0,1018.0,831.9,43,27.0,36.4,177,177,56.5,36.94261546045014
637,2023-01-27 13:00:00,4.5,41,-7.7,-2.2,0.0,1016.4,831.0,56,25.6,34.9,170,169,56.9,38.942678965547174
638,2023-01-27 14:00:00,4.3,44,-7.0,-2.7,0.0,1015.4,830.0,23,27.5,37.3,175,174,58.3,42.63379051276589
639,2023-01-27 15:00:00,5.6,38,-7.5,-2.3,0.0,1013.1,828.9,16,33.0,46.5,173,172,64.1,42.49272725610736
640,2023-01-27 16:00:00,5.3,39,-7.5,-2.5,0.0,1012.8,828.5,21,32.9,47.0,176,174,69.1,42.297976597717835
641,2023-01-27 17:00:00,3.8,43,-7.8,-3.5,0.0,1013.8,828.4,60,28.8,43.6,180,178,68.0,42.08407431882718
642,2023-01-27 18:00:00,2.5,45,-8.4,-4.8,0.0,1013.6,827.5,48,28.5,45.1,164,162,64.1,41.96807407678445
643,2023-01-27 19:00:00,1.5,47,-8.6,-5.5,0.0,1014.1,827.3,80,26.9,44.5,160,160,61.9,41.818455585228584
644,2023-01-27 20:00:00,1.8,47,-8.3,-5.6,0.0,1013.9,827.3,77,29.5,47.7,155,153,64.1,41.06458092407136
645,2023-01-27 21:00:00,1.9,50,-7.5,-5.4,0.0,1014.0,827.4,100,29.0,46.9,160,159,64.4,41.908937294540436
646,2023-01-27 22:00:00,1.7,56,-6.2,-5.8,0.1,1013.5,826.9,82,31.6,50.8,159,157,67.3,40.021574166778144
647,2023-01-27 23:00:00,2.0,61,-4.7,-5.3,0.1,1013.1,826.8,100,31.3,49.8,161,159,70.6,39.47666612008051
648,2023-01-28 00:00:00,1.5,69,-3.6,-5.4,0.1,1013.4,826.7,100,29.7,47.4,163,160,66.6,38.99818830517021
649,2023-01-28 01:00:00,1.3,77,-2.3,-5.2,0.2,1013.7,826.9,100,28.1,44.4,164,162,63.0,38.927389786249044
650,2023-01-28 02:00:00,0.8,87,-1.1,-5.8,0.8,1013.0,826.0,100,30.0,47.0,160,158,62.3,38.494110987928764
651,2023-01-28 03:00:00,0.2,94,-0.7,-5.2,0.4,1014.9,827.2,100,22.1,35.5,164,162,62.6,37.46005876434071
652,2023-01-28 04:00:00,0.2,96,-0.3,-5.4,0.6,1014.4,826.8,100,23.8,38.5,162,163,50.8,37.600344525245916
653,2023-01-28 05:00:00,0.2,96,-0.3,-5.2,0.4,1014.2,826.6,100,22.4,37.0,169,169,50.8,37.625812680290935
654,2023-01-28 06:00:00,-0.3,97,-0.6,-5.2,0.3,1014.2,826.3,58,18.9,32.6,167,167,47.9,37.22288333795426
655,2023-01-28 07:00:00,-0.3,94,-1.2,-4.9,0.1,1013.4,825.6,62,15.6,30.0,165,166,41.4,35.48732701628758
656,2023-01-28 08:00:00,-0.3,94,-1.2,-4.9,0.1,1014.2,826.3,64,15.9,29.2,174,179,35.6,34.968870335031085
657,2023-01-28 09:00:00,0.1,93,-0.9,-4.9,0.0,1014.3,826.6,49,19.0,31.1,161,169,38.9,34.351634148977745
658,2023-01-28 10:00:00,1.8,88,0.1,-3.4,0.0,1014.4,827.7,65,21.6,32.8,178,178,47.5,35.919784098211906
659,2023-01-28 11:00:00,2.4,87,0.5,-3.1,0.0,1014.4,828.1,100,23.8,32.4,183,183,47.5,36.952484829410125
660,2023-01-28 12:00:00,3.0,83,0.4,-2.7,0.1,1013.8,827.9,95,24.9,33.1,182,181,49.3,37.78446496536448
661,2023-01-28 13:00:00,3.6,78,0.2,-2.0,0.0,1012.6,827.3,82,24.5,32.8,180,179,50.0,37.85019842976927
662,2023-01-28 14:00:00,3.9,78,0.5,-1.7,0.1,1012.1,827.1,100,24.6,32.5,185,184,49.0,38.14170883134705
663,2023-01-28 15:00:00,4.2,75,0.2,-1.2,0.2,1011.3,826.6,50,23.3,31.6,188,187,49.3,38.29681787802961
664,2023-01-28 16:00:00,4.3,75,0.3,-1.0,0.3,1011.5,826.9,29,22.1,30.2,192,189,45.0,37.61774884087226
665,2023-01-28 17:00:00,3.8,76,0.0,-1.6,0.0,1011.6,826.6,58,22.1,31.8,187,185,43.2,36.70267521103475
666,2023-01-28 18:00:00,1.5,99,1.3,-2.9,0.0,1013.1,826.5,100,17.3,30.4,179,175,42.8,34.95268691233168
667,2023-01-28 19:00:00,1.4,100,1.4,-3.0,0.0,1013.5,826.7,96,17.0,27.9,174,173,36.7,34.016164872361436
668,2023-01-28 20:00:00,1.0,100,1.0,-3.3,0.0,1014.5,827.3,100,16.7,26.8,174,175,33.5,33.45022462324338
669,2023-01-28 21:00:00,1.0,99,0.8,-3.1,0.0,1015.3,828.0,96,14.5,23.3,174,172,32.4,31.82307633150462
670,2023-01-28 22:00:00,0.5,99,0.4,-3.1,0.0,1015.6,827.9,59,10.7,21.0,166,168,27.7,31.064036266312808
671,2023-01-28 23:00:00,-0.1,98,-0.4,-3.4,0.0,1015.4,827.4,65,7.4,18.5,151,167,21.6,28.28045189856348
672,2023-01-29 00:00:00,-0.7,96,-1.2,-4.0,0.0,1015.6,827.2,61,7.0,17.6,145,165,16.2,24.536810059536922
673,2023-01-29 01:00:00,-1.3,95,-2.1,-4.8,0.0,1015.6,826.8,62,7.2,17.9,143,165,15.5,23.520229751835775
674,2023-01-29 02:00:00,-1.2,94,-2.1,-4.7,0.0,1015.4,826.7,91,7.3,16.2,147,168,15.5,23.60381203117198
675,2023-01-29 03:00:00,-2.2,94,-3.0,-6.4,0.0,1015.2,826.0,45,11.9,17.0,145,167,15.1,23.71483446796099
676,2023-01-29 04:00:00,-1.6,95,-2.4,-5.3,0.0,1015.3,826.4,64,8.4,15.5,149,168,19.8,23.54779857401724
677,2023-01-29 05:00:00,-2.4,96,-2.9,-6.3,0.0,1015.3,825.9,71,9.7,12.3,141,173,15.1,22.56031339154798
678,2023-01-29 06:00:00,-1.5,95,-2.1,-5.0,0.0,1015.0,826.2,42,7.6,9.5,135,189,14.8,18.38766235229493
679,2023-01-29 07:00:00,-1.7,94,-2.6,-5.1,0.0,1015.2,826.3,68,6.4,9.0,128,196,10.4,13.633342740150264
680,2023-01-29 08:00:00,-1.6,91,-2.8,-4.8,0.0,1015.5,826.6,67,5.2,8.8,115,189,9.7,11.000038555477653
681,2023-01-29 09:00:00,-0.3,87,-2.1,-3.2,0.0,1015.5,827.4,98,3.3,6.7,103,196,8.3,9.333735100210527
682,2023-01-29 10:00:00,1.2,80,-1.8,-1.9,0.0,1015.9,828.6,100,5.1,8.5,188,192,13.0,7.459444668268964
683,2023-01-29 11:00:00,2.0,81,-1.0,-1.5,0.0,1015.6,828.8,100,8.4,10.4,187,182,18.4,7.230473336963033
684,2023-01-29 12:00:00,2.6,76,-1.2,-1.3,0.0,1014.9,828.6,90,10.9,13.1,189,188,23.4,7.308436123916671
685,2023-01-29 13:00:00,3.1,68,-2.3,-0.8,0.0,1014.0,828.2,100,10.2,12.4,198,197,24.8,7.631538476980722
686,2023-01-29 14:00:00,3.1,67,-2.3,-0.5,0.0,1013.3,827.6,65,8.3,9.7,180,178,23.4,7.306744076951959
687,2023-01-29 15:00:00,2.6,67,-2.9,-0.5,0.0,1013.0,827.0,68,3.9,4.7,304,302,25.6,6.351866190140678
688,2023-01-29 16:00:00,1.4,79,-1.8,-1.7,0.7,1013.7,826.9,100,5.1,6.7,8,16,14.4,5.569186784455005
689,2023-01-29 17:00:00,1.3,79,-2.0,-2.2,0.3,1013.6,826.8,86,7.3,9.9,70,71,16.9,5.110652492216944
690,2023-01-29 18:00:00,0.6,83,-1.9,-2.8,0.0,1013.7,826.4,85,7.4,10.8,51,60,18.0,4.4325577408417685
691,2023-01-29 19:00:00,-0.4,90,-1.9,-3.3,0.0,1014.1,826.1,86,3.1,6.9,54,84,15.5,3.641553782487216
692,2023-01-29 20:00:00,-0.4,91,-1.8,-3.7,0.4,1014.5,826.5,77,6.3,6.9,13,28,12.6,3.3497804770186765
693,2023-01-29 21:00:00,-0.9,93,-1.9,-4.4,0.1,1015.3,826.8,89,7.8,11.6,22,22,15.5,3.335181021100659
694,2023-01-29 22:00:00,-1.0,92,-2.2,-4.8,0.0,1015.2,826.7,74,9.4,14.7,23,28,20.5,3.4426166523387556
695,2023-01-29 23:00:00,-2.5,96,-3.0,-5.9,0.0,1015.2,825.7,52,5.6,11.9,27,29,20.2,2.9779947515082252
696,2023-01-30 00:00:00,-2.7,100,-2.7,-6.4,0.0,1015.6,826.0,90,8.4,12.2,25,34,18.7,2.7031728159384723
697,2023-01-30 01:00:00,-3.1,100,-3.1,-7.0,0.0,1015.5,825.6,90,9.5,14.3,25,28,20.5,2.759366143091124
698,2023-01-30 02:00:00,-3.2,100,-3.2,-7.4,0.0,1015.6,825.6,90,11.0,16.4,32,29,23.0,2.627891478909387
699,2023-01-30 03:00:00,-2.8,93,-3.8,-7.1,0.0,1014.9,825.3,99,11.3,20.2,31,35,25.9,2.5650224839957514
700,2023-01-30 04:00:00,-2.7,92,-3.8,-7.1,0.0,1014.9,825.4,100,12.3,20.6,21,25,26.6,2.8409289585892012
701,2023-01-30 05:00:00,-3.4,97,-3.8,-8.0,0.0,1015.3,825.3,88,13.7,22.2,18,20,28.4,3.3682484820253435
702,2023-01-30 06:00:00,-3.8,98,-4.0,-8.5,0.0,1015.9,825.5,90,14.2,22.7,21,23,30.2,3.32164878104418
703,2023-01-30 07:00:00,-4.2,98,-4.5,-9.2,0.0,1016.3,825.6,90,15.3,23.2,24,24,32.4,3.2936735981808227
704,2023-01-30 08:00:00,-4.3,98,-4.6,-9.1,0.0,1016.5,825.7,90,14.1,20.2,32,35,32.4,2.8999784388027376
705,2023-01-30 09:00:00,-3.9,97,-4.3,-8.4,0.0,1016.8,826.2,90,12.5,17.6,39,41,29.5,2.582994830993836
706,2023-01-30 10:00:00,-2.8,89,-4.3,-7.1,0.0,1016.5,826.6,86,11.0,14.8,32,34,27.7,2.4869325362988133
707,2023-01-30 11:00:00,-1.6,84,-3.9,-5.8,0.0,1015.7,826.7,87,10.9,14.1,27,32,27.0,2.5121016524218844
708,2023-01-30 12:00:00,-0.2,76,-4.0,-4.1,0.0,1014.6,826.7,38,8.4,10.0,25,30,26.6,2.3867294781233923
709,2023-01-30 13:00:00,1.0,70,-3.8,-1.9,0.0,1012.9,826.0,26,4.0,4.6,27,39,22.7,2.4967742144360443
710,2023-01-30 14:00:00,1.8,62,-4.7,-0.8,0.0,1011.3,825.2,71,0.7,1.1,180,180,16.9,2.799750637353439
711,2023-01-30 15:00:00,1.1,67,-4.3,-2.8,0.0,1011.1,824.6,85,8.7,10.7,38,40,14.8,2.7145281315073544
712,2023-01-30 16:00:00,1.5,65,-4.3,-2.1,0.0,1010.4,824.3,63,6.3,7.7,77,79,21.6,2.5357971231667555
713,2023-01-30 17:00:00,1.7,61,-5.1,-1.9,0.0,1009.6,823.8,66,6.0,7.4,155,157,17.6,2.8463581762293484
714,2023-01-30 18:00:00,0.4,71,-4.3,-3.7,0.0,1010.1,823.4,87,10.1,15.8,180,180,20.2,3.392195805096726
715,2023-01-30 19:00:00,-0.7,86,-2.7,-4.5,0.0,1011.0,823.5,79,9.4,14.6,203,196,21.6,4.263516121880017
716,2023-01-30 20:00:00,-1.7,96,-2.2,-5.3,0.0,1011.4,823.1,100,7.9,14.8,180,179,18.4,3.4104397626905523
717,2023-01-30 21:00:00,-2.0,100,-2.0,-5.7,0.0,1011.2,822.8,100,9.3,15.5,167,176,18.4,3.654663092245914
718,2023-01-30 22:00:00,-2.2,100,-2.2,-6.2,0.0,1010.9,822.4,100,10.5,16.8,158,170,21.6,3.596611815104443
719,2023-01-30 23:00:00,-2.8,96,-3.3,-7.0,0.0,1010.1,821.4,70,11.3,20.5,163,181,23.8,4.385480624195242
720,2023-01-31 00:00:00,-2.8,92,-3.9,-7.1,0.0,1009.4,820.9,73,11.6,25.6,173,180,26.3,4.696529488650481
721,2023-01-31 01:00:00,-2.7,92,-3.8,-7.0,0.0,1009.4,820.9,100,11.5,24.1,182,183,27.4,4.422603194264158
722,2023-01-31 02:00:00,-3.1,93,-4.0,-7.4,0.0,1008.6,820.0,88,11.2,24.5,182,182,26.3,3.774850220305068
723,2023-01-31 03:00:00,-3.7,91,-5.0,-7.8,0.0,1007.6,818.9,36,9.2,24.3,169,173,26.3,3.2517503808171337
724,2023-01-31 04:00:00,-3.5,94,-4.3,-7.6,0.0,1007.0,818.5,58,9.4,23.4,176,180,24.8,3.7629316191411
725,2023-01-31 05:00:00,-3.6,94,-4.4,-7.7,0.0,1006.4,817.9,36,9.4,23.0,184,181,23.4,3.7363081387907826
726,2023-01-31 06:00:00,-3.9,96,-4.5,-7.8,0.0,1006.3,817.6,94,7.9,20.9,180,179,23.0,2.51855398890216
727,2023-01-31 07:00:00,-3.2,93,-4.2,-7.6,0.0,1006.4,818.2,86,11.5,21.3,176,174,24.8,3.2547239426588996
728,2023-01-31 08:00:00,-3.7,93,-4.6,-7.7,0.0,1006.5,818.0,97,9.0,19.1,178,176,24.5,3.6287676773489963
729,2023-01-31 09:00:00,-2.1,84,-4.4,-6.9,0.0,1006.1,818.6,100,14.8,21.7,179,174,31.3,3.743307878258268
730,2023-01-31 10:00:00,-2.4,89,-3.9,-6.9,0.2,1006.9,819.1,100,12.4,16.7,190,186,31.0,4.119639878315413
731,2023-01-31 11:00:00,-2.1,87,-4.0,-5.3,1.3,1007.1,819.4,100,3.6,3.7,276,259,26.3,3.6755798497796333
732,2023-01-31 12:00:00,-2.8,85,-4.9,-7.9,1.2,1008.0,819.7,100,15.6,20.1,331,331,32.0,4.484213101413521
733,2023-01-31 13:00:00,-3.1,86,-5.1,-8.1,1.3,1007.6,819.2,100,15.7,20.3,340,340,33.1,5.637646161688729
734,2023-01-31 14:00:00,-2.7,81,-5.5,-8.5,0.2,1007.3,819.2,100,20.3,27.1,347,349,41.8,6.143972886574976
735,2023-01-31 15:00:00,-3.1,90,-4.5,-8.9,0.1,1008.1,819.6,90,21.3,28.5,355,356,42.5,6.936850307596864
736,2023-01-31 16:00:00,-4.0,91,-5.3,-9.8,0.1,1008.8,819.6,100,20.6,28.9,348,350,43.9,7.563315056855855
737,2023-01-31 17:00:00,-4.1,89,-5.6,-9.9,0.0,1009.1,819.8,100,20.5,29.1,350,351,42.8,8.165730224971453
738,2023-01-31 18:00:00,-4.5,89,-6.0,-10.0,0.0,1009.5,819.9,90,18.1,27.1,354,355,42.5,9.395978308063698
739,2023-01-31 19:00:00,-4.9,92,-6.1,-10.1,0.0,1010.3,820.3,90,15.7,25.4,351,353,38.2,10.081312099862544
740,2023-01-31 20:00:00,-5.0,90,-6.4,-10.2,0.0,1011.2,820.9,90,15.6,25.7,352,354,34.9,11.871005673492938
741,2023-01-31 21:00:00,-5.2,91,-6.5,-10.5,0.0,1011.6,821.1,90,15.8,27.0,359,2,35.3,13.312135259717456
742,2023-01-31 22:00:00,-5.7,92,-6.8,-10.8,0.0,1011.9,821.1,85,14.8,26.3,4,9,35.3,13.611612013961231
743,2023-01-31 23:00:00,-6.7,94,-7.5,-11.4,0.0,1011.6,820.2,100,11.7,23.4,9,14,33.1,13.34147293853109
